2025-09-27 14:43:47,172 [INFO] Activator:177 - 


2025-09-27 14:43:47,172 [INFO] Activator:178 - !SESSION log4j initialized
2025-09-27 14:43:52,181 [INFO] McuFinderGlobals:39 - Set McuFinder mode to 2 (CubeIDE integrated)
2025-09-27 14:43:52,799 [INFO] ApplicationProperties:181 - Using Application install path: C:\ST\STM32CubeIDE_1.7.0\STM32CubeIDE\plugins\com.st.stm32cube.common.mx_6.3.0.202107141111
2025-09-27 14:43:52,834 [INFO] DbMcusXml:74 - Set database path to: C:\ST\STM32CubeIDE_1.7.0\STM32CubeIDE\plugins\com.st.stm32cube.common.mx_6.3.0.202107141111\\db\/mcu/
2025-09-27 14:43:52,841 [INFO] DbBoardsPdsc:56 - Set plugin database path to: C:\ST\STM32CubeIDE_1.7.0\STM32CubeIDE\plugins\com.st.stm32cube.common.mx_6.3.0.202107141111\\db\/plugins/boardmanager/
2025-09-27 14:43:52,842 [INFO] DbMcus:258 - Set plugin images path to: C:\ST\STM32CubeIDE_1.7.0\STM32CubeIDE\plugins\com.st.stm32cube.common.mx_6.3.0.202107141111\\db\/plugins/mcufinder/images/
2025-09-27 14:43:52,843 [INFO] DbBoards:264 - Set plugin images path to: C:\ST\STM32CubeIDE_1.7.0\STM32CubeIDE\plugins\com.st.stm32cube.common.mx_6.3.0.202107141111\\db\/plugins/mcufinder/images/
2025-09-27 14:43:52,847 [INFO] DbExamples:333 - Set plugin images path to: C:\ST\STM32CubeIDE_1.7.0\STM32CubeIDE\plugins\com.st.stm32cube.common.mx_6.3.0.202107141111\\db\/plugins/mcufinder/images/
2025-09-27 14:43:52,859 [INFO] DbMcusAds:119 - Set database path to: C:\Users\ANH DUY\.stmcufinder\plugins\mcufinder//mcu/
2025-09-27 14:43:52,861 [INFO] DbMcusDocs:110 - Set database path to: C:\Users\ANH DUY\.stmcufinder\plugins\mcufinder//mcu/
2025-09-27 14:43:52,863 [INFO] DbMcusJson:64 - Set database path to: C:\Users\ANH DUY\.stmcufinder\plugins\mcufinder//mcu/
2025-09-27 14:43:52,864 [INFO] DbBoardsDocs:110 - Set database path to: C:\Users\ANH DUY\.stmcufinder\plugins\mcufinder//mcu/
2025-09-27 14:43:52,865 [INFO] DbBoardsJson:57 - Set database path to: C:\Users\ANH DUY\.stmcufinder\plugins\mcufinder//mcu/
2025-09-27 14:43:52,867 [INFO] CrossReferenceDbSqlite:196 - Set database path to: C:\Users\ANH DUY\.stmcufinder\plugins\mcufinder//mcu/cs/
2025-09-27 14:43:52,873 [INFO] DbExamplesSqlite:767 - Set database path to: C:\Users\ANH DUY\.stmcufinder\plugins\mcufinder//mcu/
2025-09-27 14:43:53,022 [INFO] RulesReader:57 - Compatibility file has been processed (242 Rules)
2025-09-27 14:43:53,162 [INFO] DbMcusXml:74 - Set database path to: C:\ST\STM32CubeIDE_1.7.0\STM32CubeIDE\plugins\com.st.stm32cube.common.mx_6.3.0.202107141111\\db\/mcu/
2025-09-27 14:43:53,162 [INFO] DbBoardsPdsc:56 - Set plugin database path to: C:\ST\STM32CubeIDE_1.7.0\STM32CubeIDE\plugins\com.st.stm32cube.common.mx_6.3.0.202107141111\\db\/plugins/boardmanager/
2025-09-27 14:43:53,162 [INFO] DbMcus:258 - Set plugin images path to: C:\ST\STM32CubeIDE_1.7.0\STM32CubeIDE\plugins\com.st.stm32cube.common.mx_6.3.0.202107141111\\db\/plugins/mcufinder/images/
2025-09-27 14:43:53,162 [INFO] DbBoards:264 - Set plugin images path to: C:\ST\STM32CubeIDE_1.7.0\STM32CubeIDE\plugins\com.st.stm32cube.common.mx_6.3.0.202107141111\\db\/plugins/mcufinder/images/
2025-09-27 14:43:53,162 [INFO] DbExamples:333 - Set plugin images path to: C:\ST\STM32CubeIDE_1.7.0\STM32CubeIDE\plugins\com.st.stm32cube.common.mx_6.3.0.202107141111\\db\/plugins/mcufinder/images/
2025-09-27 14:43:53,162 [WARN] DbFile:35 - Overriding database path with different value: C:\Users\ANH DUY\.stmcufinder\plugins\mcufinder/ => C:\Users\ANH DUY\.stmcufinder\plugins\mcufinder
2025-09-27 14:43:53,162 [INFO] DbMcusAds:119 - Set database path to: C:\Users\ANH DUY\.stmcufinder\plugins\mcufinder//mcu/
2025-09-27 14:43:53,162 [WARN] DbFile:35 - Overriding database path with different value: C:\Users\ANH DUY\.stmcufinder\plugins\mcufinder/ => C:\Users\ANH DUY\.stmcufinder\plugins\mcufinder
2025-09-27 14:43:53,162 [INFO] DbMcusDocs:110 - Set database path to: C:\Users\ANH DUY\.stmcufinder\plugins\mcufinder//mcu/
2025-09-27 14:43:53,162 [WARN] DbFile:35 - Overriding database path with different value: C:\Users\ANH DUY\.stmcufinder\plugins\mcufinder/ => C:\Users\ANH DUY\.stmcufinder\plugins\mcufinder
2025-09-27 14:43:53,162 [INFO] DbMcusJson:64 - Set database path to: C:\Users\ANH DUY\.stmcufinder\plugins\mcufinder//mcu/
2025-09-27 14:43:53,162 [WARN] DbFile:35 - Overriding database path with different value: C:\Users\ANH DUY\.stmcufinder\plugins\mcufinder/ => C:\Users\ANH DUY\.stmcufinder\plugins\mcufinder
2025-09-27 14:43:53,162 [INFO] DbBoardsDocs:110 - Set database path to: C:\Users\ANH DUY\.stmcufinder\plugins\mcufinder//mcu/
2025-09-27 14:43:53,162 [WARN] DbFile:35 - Overriding database path with different value: C:\Users\ANH DUY\.stmcufinder\plugins\mcufinder/ => C:\Users\ANH DUY\.stmcufinder\plugins\mcufinder
2025-09-27 14:43:53,162 [INFO] DbBoardsJson:57 - Set database path to: C:\Users\ANH DUY\.stmcufinder\plugins\mcufinder//mcu/
2025-09-27 14:43:53,162 [WARN] DbFile:35 - Overriding database path with different value: C:\Users\ANH DUY\.stmcufinder\plugins\mcufinder/ => C:\Users\ANH DUY\.stmcufinder\plugins\mcufinder
2025-09-27 14:43:53,168 [WARN] DbFile:35 - Overriding database path with different value: C:\Users\ANH DUY\.stmcufinder\plugins\mcufinder/ => C:\Users\ANH DUY\.stmcufinder\plugins\mcufinder
2025-09-27 14:43:53,168 [INFO] CrossReferenceDbSqlite:196 - Set database path to: C:\Users\ANH DUY\.stmcufinder\plugins\mcufinder//mcu/cs/
2025-09-27 14:43:53,168 [WARN] DbFile:35 - Overriding database path with different value: C:\Users\ANH DUY\.stmcufinder\plugins\mcufinder/ => C:\Users\ANH DUY\.stmcufinder\plugins\mcufinder
2025-09-27 14:43:53,168 [INFO] DbExamplesSqlite:767 - Set database path to: C:\Users\ANH DUY\.stmcufinder\plugins\mcufinder//mcu/
2025-09-27 14:43:53,257 [INFO] MainPanel:214 - HeapMemory: 268435456
2025-09-27 14:43:53,400 [INFO] DbMcusXml:74 - Set database path to: C:\ST\STM32CubeIDE_1.7.0\STM32CubeIDE\plugins\com.st.stm32cube.common.mx_6.3.0.202107141111\\db\/mcu/
2025-09-27 14:43:53,400 [INFO] DbBoardsPdsc:56 - Set plugin database path to: C:\ST\STM32CubeIDE_1.7.0\STM32CubeIDE\plugins\com.st.stm32cube.common.mx_6.3.0.202107141111\\db\/plugins/boardmanager/
2025-09-27 14:43:53,400 [INFO] DbMcus:258 - Set plugin images path to: C:\ST\STM32CubeIDE_1.7.0\STM32CubeIDE\plugins\com.st.stm32cube.common.mx_6.3.0.202107141111\\db\/plugins/mcufinder/images/
2025-09-27 14:43:53,400 [INFO] DbBoards:264 - Set plugin images path to: C:\ST\STM32CubeIDE_1.7.0\STM32CubeIDE\plugins\com.st.stm32cube.common.mx_6.3.0.202107141111\\db\/plugins/mcufinder/images/
2025-09-27 14:43:53,400 [INFO] DbExamples:333 - Set plugin images path to: C:\ST\STM32CubeIDE_1.7.0\STM32CubeIDE\plugins\com.st.stm32cube.common.mx_6.3.0.202107141111\\db\/plugins/mcufinder/images/
2025-09-27 14:43:53,400 [WARN] DbFile:35 - Overriding database path with different value: C:\Users\ANH DUY\.stmcufinder\plugins\mcufinder/ => C:\Users\ANH DUY\.stmcufinder\plugins\mcufinder
2025-09-27 14:43:53,400 [INFO] DbMcusAds:119 - Set database path to: C:\Users\ANH DUY\.stmcufinder\plugins\mcufinder//mcu/
2025-09-27 14:43:53,400 [WARN] DbFile:35 - Overriding database path with different value: C:\Users\ANH DUY\.stmcufinder\plugins\mcufinder/ => C:\Users\ANH DUY\.stmcufinder\plugins\mcufinder
2025-09-27 14:43:53,400 [INFO] DbMcusDocs:110 - Set database path to: C:\Users\ANH DUY\.stmcufinder\plugins\mcufinder//mcu/
2025-09-27 14:43:53,400 [WARN] DbFile:35 - Overriding database path with different value: C:\Users\ANH DUY\.stmcufinder\plugins\mcufinder/ => C:\Users\ANH DUY\.stmcufinder\plugins\mcufinder
2025-09-27 14:43:53,400 [INFO] DbMcusJson:64 - Set database path to: C:\Users\ANH DUY\.stmcufinder\plugins\mcufinder//mcu/
2025-09-27 14:43:53,400 [WARN] DbFile:35 - Overriding database path with different value: C:\Users\ANH DUY\.stmcufinder\plugins\mcufinder/ => C:\Users\ANH DUY\.stmcufinder\plugins\mcufinder
2025-09-27 14:43:53,400 [INFO] DbBoardsDocs:110 - Set database path to: C:\Users\ANH DUY\.stmcufinder\plugins\mcufinder//mcu/
2025-09-27 14:43:53,400 [WARN] DbFile:35 - Overriding database path with different value: C:\Users\ANH DUY\.stmcufinder\plugins\mcufinder/ => C:\Users\ANH DUY\.stmcufinder\plugins\mcufinder
2025-09-27 14:43:53,400 [INFO] DbBoardsJson:57 - Set database path to: C:\Users\ANH DUY\.stmcufinder\plugins\mcufinder//mcu/
2025-09-27 14:43:53,400 [WARN] DbFile:35 - Overriding database path with different value: C:\Users\ANH DUY\.stmcufinder\plugins\mcufinder/ => C:\Users\ANH DUY\.stmcufinder\plugins\mcufinder
2025-09-27 14:43:53,400 [WARN] DbFile:35 - Overriding database path with different value: C:\Users\ANH DUY\.stmcufinder\plugins\mcufinder/ => C:\Users\ANH DUY\.stmcufinder\plugins\mcufinder
2025-09-27 14:43:53,400 [INFO] CrossReferenceDbSqlite:196 - Set database path to: C:\Users\ANH DUY\.stmcufinder\plugins\mcufinder//mcu/cs/
2025-09-27 14:43:53,400 [WARN] DbFile:35 - Overriding database path with different value: C:\Users\ANH DUY\.stmcufinder\plugins\mcufinder/ => C:\Users\ANH DUY\.stmcufinder\plugins\mcufinder
2025-09-27 14:43:53,400 [INFO] DbExamplesSqlite:767 - Set database path to: C:\Users\ANH DUY\.stmcufinder\plugins\mcufinder//mcu/
2025-09-27 14:43:53,427 [INFO] ApplicationProperties:181 - Using Application install path: C:\ST\STM32CubeIDE_1.7.0\STM32CubeIDE\plugins\com.st.stm32cube.common.mx_6.3.0.202107141111
2025-09-27 14:43:53,429 [INFO] PluginManage:188 - Search for loadable plugins [exclusion list=, ]
2025-09-27 14:43:53,430 [INFO] PluginManage:302 - Check plugin analytics
2025-09-27 14:43:53,663 [INFO] AnalyticsPlugin:257 - Accepted Software Licenses: 
2025-09-27 14:43:53,663 [INFO] AnalyticsPlugin:259 - Accepted CMSIS Pack Licenses: 
2025-09-27 14:43:53,663 [INFO] AnalyticsPlugin:261 - Accepted Firmware Licenses: 
2025-09-27 14:43:53,663 [INFO] PluginManage:352 - Loaded plugin analytics (category:tool,tabindex:-1)
2025-09-27 14:43:53,663 [INFO] PluginManage:302 - Check plugin clock
2025-09-27 14:43:53,699 [INFO] PluginManage:352 - Loaded plugin clock (category:base,tabindex:2)
2025-09-27 14:43:53,699 [INFO] PluginManage:302 - Check plugin ddr
2025-09-27 14:43:53,714 [INFO] PluginManage:352 - Loaded plugin ddr (category:tool,tabindex:6)
2025-09-27 14:43:53,715 [INFO] PluginManage:302 - Check plugin filemanager
2025-09-27 14:43:53,885 [INFO] PluginManage:352 - Loaded plugin filemanager (category:base,tabindex:10)
2025-09-27 14:43:53,887 [INFO] PluginManage:302 - Check plugin ipmanager
2025-09-27 14:43:53,889 [INFO] PluginManage:352 - Loaded plugin ipmanager (category:base,tabindex:5)
2025-09-27 14:43:53,889 [INFO] PluginManage:302 - Check plugin pinoutandconfiguration
2025-09-27 14:43:53,941 [INFO] PluginManage:352 - Loaded plugin pinoutandconfiguration (category:base,tabindex:1)
2025-09-27 14:43:53,941 [INFO] PluginManage:302 - Check plugin pinoutconfig
2025-09-27 14:43:54,006 [INFO] PluginManage:352 - Loaded plugin pinoutconfig (category:base,tabindex:0)
2025-09-27 14:43:54,007 [INFO] PluginManage:302 - Check plugin power
2025-09-27 14:43:54,050 [INFO] PluginManage:352 - Loaded plugin power (category:power,tabindex:4)
2025-09-27 14:43:54,050 [INFO] PluginManage:302 - Check plugin projectmanager
2025-09-27 14:43:54,069 [INFO] PluginManage:352 - Loaded plugin projectmanager (category:projectmanager,tabindex:3)
2025-09-27 14:43:54,073 [INFO] PluginManage:302 - Check plugin thirdparty
2025-09-27 14:43:54,512 [INFO] PluginManage:352 - Loaded plugin thirdparty (category:base,tabindex:-1)
2025-09-27 14:43:54,520 [WARN] IntegrityCheckThread:78 - waiting for thirdparty lock release [integrity check]
2025-09-27 14:43:54,520 [INFO] PluginManage:302 - Check plugin tools
2025-09-27 14:43:54,520 [INFO] IntegrityCheckThread:80 - entering critical section [integrity check]
2025-09-27 14:43:54,520 [INFO] ThirdPartyUpdaterWithRetryManager:66 - Updater plugin not ready yet. [1/15]
2025-09-27 14:43:54,662 [INFO] PluginManage:352 - Loaded plugin tools (category:base,tabindex:7)
2025-09-27 14:43:54,662 [INFO] PluginManage:302 - Check plugin tutovideos
2025-09-27 14:43:55,033 [INFO] PluginManage:352 - Loaded plugin tutovideos (category:base,tabindex:-1)
2025-09-27 14:43:55,034 [INFO] PluginManage:302 - Check plugin updater
2025-09-27 14:43:55,059 [INFO] PluginManage:352 - Loaded plugin updater (category:base,tabindex:12)
2025-09-27 14:43:55,061 [INFO] PluginManage:275 - PluginManage : Loaded plugins [13]
2025-09-27 14:43:55,319 [INFO] PinOutPanel:1463 - setPackage(No Configuration,No Configuration)
2025-09-27 14:43:55,480 [INFO] IPUIPlugin:74 - create IPUIPlugin
2025-09-27 14:43:55,480 [INFO] PluginManager:213 - loadIPPluginJar : add adc
2025-09-27 14:43:55,564 [INFO] IPUIPlugin:74 - create IPUIPlugin
2025-09-27 14:43:55,564 [INFO] PluginManager:213 - loadIPPluginJar : add aes
2025-09-27 14:43:55,676 [INFO] IPUIPlugin:74 - create IPUIPlugin
2025-09-27 14:43:55,676 [INFO] PluginManager:213 - loadIPPluginJar : add can
2025-09-27 14:43:55,766 [INFO] IPUIPlugin:74 - create IPUIPlugin
2025-09-27 14:43:55,766 [INFO] PluginManager:213 - loadIPPluginJar : add comp
2025-09-27 14:43:55,850 [INFO] IPUIPlugin:74 - create IPUIPlugin
2025-09-27 14:43:55,850 [INFO] PluginManager:213 - loadIPPluginJar : add cryp
2025-09-27 14:43:55,944 [INFO] IPUIPlugin:74 - create IPUIPlugin
2025-09-27 14:43:55,944 [INFO] PluginManager:213 - loadIPPluginJar : add dfsdm
2025-09-27 14:43:55,979 [INFO] IPUIPlugin:74 - create IPUIPlugin
2025-09-27 14:43:55,981 [INFO] PluginManager:213 - loadIPPluginJar : add dma
2025-09-27 14:43:56,080 [INFO] IPUIPlugin:74 - create IPUIPlugin
2025-09-27 14:43:56,080 [INFO] PluginManager:213 - loadIPPluginJar : add dma3
2025-09-27 14:43:56,149 [INFO] IPUIPlugin:74 - create IPUIPlugin
2025-09-27 14:43:56,149 [INFO] PluginManager:213 - loadIPPluginJar : add fatfs
2025-09-27 14:43:56,279 [INFO] IPUIPlugin:74 - create IPUIPlugin
2025-09-27 14:43:56,279 [INFO] PluginManager:213 - loadIPPluginJar : add fmc
2025-09-27 14:43:56,319 [INFO] IPUIPlugin:74 - create IPUIPlugin
2025-09-27 14:43:56,319 [INFO] PluginManager:213 - loadIPPluginJar : add freertos
2025-09-27 14:43:56,406 [INFO] IPUIPlugin:74 - create IPUIPlugin
2025-09-27 14:43:56,406 [INFO] PluginManager:213 - loadIPPluginJar : add genericplugin
2025-09-27 14:43:56,613 [INFO] IPUIPlugin:74 - create IPUIPlugin
2025-09-27 14:43:56,613 [INFO] PluginManager:213 - loadIPPluginJar : add gfxmmu
2025-09-27 14:43:56,888 [INFO] IPUIPlugin:74 - create IPUIPlugin
2025-09-27 14:43:56,888 [INFO] PluginManager:213 - loadIPPluginJar : add gic
2025-09-27 14:43:56,920 [INFO] IPUIPlugin:74 - create IPUIPlugin
2025-09-27 14:43:56,920 [INFO] PluginManager:213 - loadIPPluginJar : add gpio
2025-09-27 14:43:57,065 [INFO] IPUIPlugin:74 - create IPUIPlugin
2025-09-27 14:43:57,065 [INFO] PluginManager:213 - loadIPPluginJar : add gtzc
2025-09-27 14:43:57,150 [INFO] IPUIPlugin:74 - create IPUIPlugin
2025-09-27 14:43:57,150 [INFO] PluginManager:213 - loadIPPluginJar : add hash
2025-09-27 14:43:57,279 [INFO] IPUIPlugin:74 - create IPUIPlugin
2025-09-27 14:43:57,279 [INFO] PluginManager:213 - loadIPPluginJar : add i2c
2025-09-27 14:43:57,393 [INFO] IPUIPlugin:74 - create IPUIPlugin
2025-09-27 14:43:57,393 [INFO] PluginManager:213 - loadIPPluginJar : add i2s
2025-09-27 14:43:57,422 [INFO] IPUIPlugin:74 - create IPUIPlugin
2025-09-27 14:43:57,422 [INFO] PluginManager:213 - loadIPPluginJar : add ipddr
2025-09-27 14:43:57,535 [INFO] ThirdPartyUpdaterWithRetryManager:66 - Updater plugin not ready yet. [2/15]
2025-09-27 14:43:57,617 [INFO] IPUIPlugin:74 - create IPUIPlugin
2025-09-27 14:43:57,619 [INFO] PluginManager:213 - loadIPPluginJar : add linkedlist
2025-09-27 14:43:57,728 [INFO] IPUIPlugin:74 - create IPUIPlugin
2025-09-27 14:43:57,728 [INFO] PluginManager:213 - loadIPPluginJar : add lorawan
2025-09-27 14:43:57,844 [INFO] IPUIPlugin:74 - create IPUIPlugin
2025-09-27 14:43:57,844 [INFO] PluginManager:213 - loadIPPluginJar : add ltdc
2025-09-27 14:43:57,869 [INFO] IPUIPlugin:74 - create IPUIPlugin
2025-09-27 14:43:57,869 [INFO] PluginManager:213 - loadIPPluginJar : add mdma
2025-09-27 14:43:57,897 [INFO] IPUIPlugin:74 - create IPUIPlugin
2025-09-27 14:43:57,897 [INFO] PluginManager:213 - loadIPPluginJar : add nvic
2025-09-27 14:43:58,001 [INFO] IPUIPlugin:74 - create IPUIPlugin
2025-09-27 14:43:58,001 [INFO] PluginManager:213 - loadIPPluginJar : add opamp
2025-09-27 14:43:58,139 [INFO] IPUIPlugin:74 - create IPUIPlugin
2025-09-27 14:43:58,139 [INFO] PluginManager:213 - loadIPPluginJar : add openamp
2025-09-27 14:43:58,250 [INFO] IPUIPlugin:74 - create IPUIPlugin
2025-09-27 14:43:58,250 [INFO] PluginManager:213 - loadIPPluginJar : add pdm2pcm
2025-09-27 14:43:58,281 [INFO] IPUIPlugin:74 - create IPUIPlugin
2025-09-27 14:43:58,284 [INFO] PluginManager:213 - loadIPPluginJar : add plateformsettings
2025-09-27 14:43:58,368 [INFO] IPUIPlugin:74 - create IPUIPlugin
2025-09-27 14:43:58,368 [INFO] PluginManager:213 - loadIPPluginJar : add quadspi
2025-09-27 14:43:58,393 [INFO] IPUIPlugin:74 - create IPUIPlugin
2025-09-27 14:43:58,393 [INFO] PluginManager:213 - loadIPPluginJar : add resmgrutility
2025-09-27 14:43:58,520 [INFO] IPUIPlugin:74 - create IPUIPlugin
2025-09-27 14:43:58,520 [INFO] PluginManager:213 - loadIPPluginJar : add sai
2025-09-27 14:43:58,629 [INFO] IPUIPlugin:74 - create IPUIPlugin
2025-09-27 14:43:58,631 [INFO] PluginManager:213 - loadIPPluginJar : add spi
2025-09-27 14:43:58,770 [INFO] IPUIPlugin:74 - create IPUIPlugin
2025-09-27 14:43:58,771 [INFO] PluginManager:213 - loadIPPluginJar : add stm32_wpan
2025-09-27 14:43:58,861 [INFO] IPUIPlugin:74 - create IPUIPlugin
2025-09-27 14:43:58,861 [INFO] PluginManager:213 - loadIPPluginJar : add tim
2025-09-27 14:43:58,989 [INFO] IPUIPlugin:74 - create IPUIPlugin
2025-09-27 14:43:58,989 [INFO] PluginManager:213 - loadIPPluginJar : add touchsensing
2025-09-27 14:43:59,076 [INFO] IPUIPlugin:74 - create IPUIPlugin
2025-09-27 14:43:59,076 [INFO] PluginManager:213 - loadIPPluginJar : add tracer_emb
2025-09-27 14:43:59,150 [INFO] IPUIPlugin:74 - create IPUIPlugin
2025-09-27 14:43:59,150 [INFO] PluginManager:213 - loadIPPluginJar : add ts
2025-09-27 14:43:59,234 [INFO] IPUIPlugin:74 - create IPUIPlugin
2025-09-27 14:43:59,234 [INFO] PluginManager:213 - loadIPPluginJar : add tsc
2025-09-27 14:43:59,306 [INFO] IPUIPlugin:74 - create IPUIPlugin
2025-09-27 14:43:59,306 [INFO] PluginManager:213 - loadIPPluginJar : add ucpd
2025-09-27 14:43:59,420 [INFO] IPUIPlugin:74 - create IPUIPlugin
2025-09-27 14:43:59,420 [INFO] PluginManager:213 - loadIPPluginJar : add usart
2025-09-27 14:43:59,537 [INFO] IPUIPlugin:74 - create IPUIPlugin
2025-09-27 14:43:59,537 [INFO] PluginManager:213 - loadIPPluginJar : add usbx
2025-09-27 14:43:59,973 [FATAL] Updater:294 - Updater called before beeing initialized
2025-09-27 14:44:00,096 [FATAL] Updater:294 - Updater called before beeing initialized
2025-09-27 14:44:00,126 [INFO] DbMcusAds:47 - JSON generation date=Tue Jul 08 15:14:23 ICT 2025 (1751962463524)
2025-09-27 14:44:00,128 [FATAL] Updater:294 - Updater called before beeing initialized
2025-09-27 14:44:00,176 [WARN] DetailPanel:314 - Failed to get advertising image, set to default
2025-09-27 14:44:00,279 [FATAL] Updater:294 - Updater called before beeing initialized
2025-09-27 14:44:00,281 [FATAL] Updater:294 - Updater called before beeing initialized
2025-09-27 14:44:00,281 [FATAL] Updater:294 - Updater called before beeing initialized
2025-09-27 14:44:00,281 [WARN] DetailPanel:314 - Failed to get advertising image, set to default
2025-09-27 14:44:00,287 [FATAL] Updater:294 - Updater called before beeing initialized
2025-09-27 14:44:00,342 [ERROR] Updater:1075 - MainUpdater not yet initialized. External WinMGr cannot be set.
2025-09-27 14:44:00,374 [INFO] Updater:1012 - Updater Version found : 6.3.0
2025-09-27 14:44:00,406 [INFO] ApplicationProperties:181 - Using Application install path: C:\ST\STM32CubeIDE_1.7.0\STM32CubeIDE\plugins\com.st.stm32cube.common.mx_6.3.0.202107141111
2025-09-27 14:44:00,549 [INFO] ThirdPartyUpdaterWithRetryManager:66 - Updater plugin not ready yet. [3/15]
2025-09-27 14:44:00,993 [INFO] MainUpdater:2671 - connection check result : 10
2025-09-27 14:44:00,993 [INFO] MainUpdater:3359 - Updater definition file requires update
2025-09-27 14:44:01,000 [INFO] MainUpdater:265 - Updater Check For Update Now.
2025-09-27 14:44:01,000 [INFO] MicroXplorer:478 - Change Database Version : DB.6.0.30
2025-09-27 14:44:01,338 [INFO] ServerAccessManage:362 - Download File updaters.zip
2025-09-27 14:44:01,645 [INFO] FileExtend:235 - Unzip File : updaters.zip
2025-09-27 14:44:01,645 [INFO] FileExtend:250 - Standard Zip Deflate
2025-09-27 14:44:02,732 [INFO] ServerAccessManage:362 - Download File PacksControlFlags.xml
2025-09-27 14:44:03,238 [INFO] ServerAccessManage:362 - Download File cubemx.pidx
2025-09-27 14:44:03,553 [WARN] MainUpdater:1122 - Updater busy. Cannot search thirdparties
2025-09-27 14:44:03,553 [INFO] ThirdPartyUpdaterWithRetryManager:92 - Updater plugin is busy. [1/15]
2025-09-27 14:44:04,630 [INFO] ServerAccessManage:362 - Download File STMicroelectronics.X-CUBE-FREERTOS.pdsc
2025-09-27 14:44:06,558 [WARN] MainUpdater:1122 - Updater busy. Cannot search thirdparties
2025-09-27 14:44:06,558 [INFO] ThirdPartyUpdaterWithRetryManager:92 - Updater plugin is busy. [2/15]
2025-09-27 14:44:09,572 [WARN] MainUpdater:1122 - Updater busy. Cannot search thirdparties
2025-09-27 14:44:09,572 [INFO] ThirdPartyUpdaterWithRetryManager:92 - Updater plugin is busy. [3/15]
2025-09-27 14:44:10,173 [INFO] ServerAccessManage:362 - Download File WES.I-CUBE-Cesium.pdsc
2025-09-27 14:44:12,130 [INFO] MainUpdater:2671 - connection check result : 10
2025-09-27 14:44:12,574 [WARN] MainUpdater:1122 - Updater busy. Cannot search thirdparties
2025-09-27 14:44:12,574 [INFO] ThirdPartyUpdaterWithRetryManager:92 - Updater plugin is busy. [4/15]
2025-09-27 14:44:14,550 [ERROR] ServerAccessManage:974 - Problem, file not found on Server
2025-09-27 14:44:15,576 [WARN] MainUpdater:1122 - Updater busy. Cannot search thirdparties
2025-09-27 14:44:15,576 [INFO] ThirdPartyUpdaterWithRetryManager:92 - Updater plugin is busy. [5/15]
2025-09-27 14:44:15,640 [ERROR] ServerAccessManage:974 - Problem, file not found on Server
2025-09-27 14:44:15,877 [WARN] PopulateThirdPartyThread:100 - Error when creating pack: C:/Users/ANH DUY/.stm32cubemx/thirdparties/pdsc/STMicroelectronics.X-CUBE-FREERTOS.pdsc
2025-09-27 14:44:15,877 [WARN] PopulateThirdPartyThread:100 - Error when creating pack: C:/Users/ANH DUY/.stm32cubemx/thirdparties/pdsc/WES.I-CUBE-Cesium.pdsc
2025-09-27 14:44:15,877 [INFO] PopulateThirdPartyThread:60 - Ending populate Thread
2025-09-27 14:44:15,877 [INFO] LoadServerUpdatesThread:339 - End of LoadServerUpdate Thread
2025-09-27 14:44:16,036 [INFO] CheckServerUpdateThread:112 - End of CheckServer Thread
2025-09-27 14:44:16,052 [INFO] McuFinderGlobals:52 - Set McuFinderConnectedMode to true
2025-09-27 14:44:16,492 [INFO] ServerAccessManage:362 - Download File mcusAds.json._tmp_
2025-09-27 14:44:16,609 [INFO] LoadUrlFilesThread:145 - End of LoadUrlFiles Thread
2025-09-27 14:44:17,262 [INFO] ServerAccessManage:362 - Download File mcusDocs.json._tmp_
2025-09-27 14:44:17,766 [INFO] LoadUrlFilesThread:145 - End of LoadUrlFiles Thread
2025-09-27 14:44:18,078 [INFO] ServerAccessManage:362 - Download File mcusFeaturesAndDescription.json._tmp_
2025-09-27 14:44:18,582 [WARN] MainUpdater:1122 - Updater busy. Cannot search thirdparties
2025-09-27 14:44:18,582 [INFO] ThirdPartyUpdaterWithRetryManager:92 - Updater plugin is busy. [6/15]
2025-09-27 14:44:21,588 [WARN] MainUpdater:1122 - Updater busy. Cannot search thirdparties
2025-09-27 14:44:21,589 [INFO] ThirdPartyUpdaterWithRetryManager:92 - Updater plugin is busy. [7/15]
2025-09-27 14:44:24,604 [WARN] MainUpdater:1122 - Updater busy. Cannot search thirdparties
2025-09-27 14:44:24,604 [INFO] ThirdPartyUpdaterWithRetryManager:92 - Updater plugin is busy. [8/15]
2025-09-27 14:44:24,790 [INFO] LoadUrlFilesThread:145 - End of LoadUrlFiles Thread
2025-09-27 14:44:25,098 [INFO] ServerAccessManage:362 - Download File boardsDocs.json._tmp_
2025-09-27 14:44:25,274 [INFO] LoadUrlFilesThread:145 - End of LoadUrlFiles Thread
2025-09-27 14:44:25,589 [INFO] ServerAccessManage:362 - Download File boards.json._tmp_
2025-09-27 14:44:26,066 [INFO] LoadUrlFilesThread:145 - End of LoadUrlFiles Thread
2025-09-27 14:44:26,363 [INFO] ServerAccessManage:362 - Download File cube-finder-db.zip
2025-09-27 14:44:27,610 [WARN] MainUpdater:1122 - Updater busy. Cannot search thirdparties
2025-09-27 14:44:27,610 [INFO] ThirdPartyUpdaterWithRetryManager:92 - Updater plugin is busy. [9/15]
2025-09-27 14:44:30,614 [WARN] MainUpdater:1122 - Updater busy. Cannot search thirdparties
2025-09-27 14:44:30,614 [INFO] ThirdPartyUpdaterWithRetryManager:92 - Updater plugin is busy. [10/15]
2025-09-27 14:44:33,618 [WARN] MainUpdater:1122 - Updater busy. Cannot search thirdparties
2025-09-27 14:44:33,618 [INFO] ThirdPartyUpdaterWithRetryManager:92 - Updater plugin is busy. [11/15]
2025-09-27 14:44:36,625 [WARN] MainUpdater:1122 - Updater busy. Cannot search thirdparties
2025-09-27 14:44:36,625 [INFO] ThirdPartyUpdaterWithRetryManager:92 - Updater plugin is busy. [12/15]
2025-09-27 14:44:39,630 [WARN] MainUpdater:1122 - Updater busy. Cannot search thirdparties
2025-09-27 14:44:39,631 [INFO] ThirdPartyUpdaterWithRetryManager:92 - Updater plugin is busy. [13/15]
2025-09-27 14:44:42,636 [WARN] MainUpdater:1122 - Updater busy. Cannot search thirdparties
2025-09-27 14:44:42,636 [INFO] ThirdPartyUpdaterWithRetryManager:92 - Updater plugin is busy. [14/15]
2025-09-27 14:44:45,640 [WARN] MainUpdater:1122 - Updater busy. Cannot search thirdparties
2025-09-27 14:44:45,640 [INFO] ThirdPartyUpdaterWithRetryManager:92 - Updater plugin is busy. [15/15]
2025-09-27 14:44:45,640 [ERROR] IntegrityCheckThread:124 - Cannot retrieve database content from updater: error -1
2025-09-27 14:44:45,640 [INFO] ThirdParty:915 - Integrity check success = false
2025-09-27 14:44:45,640 [INFO] IntegrityCheckThread:94 - exiting critical section [integrity check]
2025-09-27 14:44:45,640 [INFO] IntegrityCheckThread:97 - End integrity checks thread
2025-09-27 14:44:48,167 [INFO] FileExtend:235 - Unzip File : cube-finder-db.zip
2025-09-27 14:44:48,169 [INFO] FileExtend:250 - Standard Zip Deflate
2025-09-27 14:44:49,299 [INFO] LoadUrlFilesThread:145 - End of LoadUrlFiles Thread
2025-09-27 14:44:50,530 [INFO] ServerAccessManage:362 - Download File crdb.zip
2025-09-27 14:44:52,163 [INFO] FileExtend:235 - Unzip File : crdb.zip
2025-09-27 14:44:52,164 [INFO] FileExtend:250 - Standard Zip Deflate
2025-09-27 14:44:52,327 [INFO] LoadUrlFilesThread:145 - End of LoadUrlFiles Thread
2025-09-27 14:44:52,638 [INFO] ServerAccessManage:362 - Download File tutoVideoDB.zip
2025-09-27 14:44:52,771 [INFO] FileExtend:235 - Unzip File : tutoVideoDB.zip
2025-09-27 14:44:52,771 [INFO] FileExtend:250 - Standard Zip Deflate
2025-09-27 14:44:52,914 [INFO] LoadUrlFilesThread:145 - End of LoadUrlFiles Thread
2025-09-27 14:44:52,914 [INFO] DbMcusAds:47 - JSON generation date=Tue Jul 08 15:14:23 ICT 2025 (1751962463524)
2025-09-27 14:44:52,934 [INFO] DbMcusDocs:143 - JSON generation date=Tue Nov 16 23:17:54 ICT 2021 (1637079474)
2025-09-27 14:44:52,936 [INFO] DbMcusXml:100 - Load MCU database from C:\ST\STM32CubeIDE_1.7.0\STM32CubeIDE\plugins\com.st.stm32cube.common.mx_6.3.0.202107141111\\db\/mcu/families.xml
2025-09-27 14:44:53,728 [INFO] DbMcusJson:93 - JSON generation date=Tue Nov 16 23:17:54 ICT 2021 (1637079474)
2025-09-27 14:44:54,295 [INFO] DbMcus:175 - Found 1951 MCUs (1903 are supported by CubeMX, 1914 are visible in CubeMX)
2025-09-27 14:44:54,299 [INFO] ApiDb:251 - Load user favorites file C:\Users\ANH DUY/.stm32cubeide/favorites.mcus.txt: 0 item(s)
2025-09-27 14:44:54,299 [INFO] ApiDb:255 - User favorites MCUs=[]
2025-09-27 14:44:54,299 [INFO] DbMcus:187 - Set 0 / 0 favorites MCUs
2025-09-27 14:44:55,020 [INFO] DbMcusDocs:79 - Found 682 MCUs documents
2025-09-27 14:44:55,023 [INFO] ApiDb:276 - Save user favorites file C:\Users\ANH DUY/.stm32cubeide/favorites.mcus.txt: 0 item(s)
2025-09-27 14:44:55,023 [INFO] ApiDb:280 - User favorites MCUs=[]
2025-09-27 14:44:55,023 [INFO] DbMcusXml:100 - Load MCU database from C:\ST\STM32CubeIDE_1.7.0\STM32CubeIDE\plugins\com.st.stm32cube.common.mx_6.3.0.202107141111\\db\/mcu/families.xml
2025-09-27 14:44:55,630 [INFO] DbMcusJson:93 - JSON generation date=Tue Nov 16 23:17:54 ICT 2021 (1637079474)
2025-09-27 14:44:56,122 [INFO] DbMcus:175 - Found 1951 MCUs (1903 are supported by CubeMX, 1914 are visible in CubeMX)
2025-09-27 14:44:56,122 [INFO] ApiDb:251 - Load user favorites file C:\Users\ANH DUY/.stm32cubeide/favorites.mcus.txt: 0 item(s)
2025-09-27 14:44:56,122 [INFO] ApiDb:255 - User favorites MCUs=[]
2025-09-27 14:44:56,123 [INFO] DbMcus:187 - Set 0 / 0 favorites MCUs
2025-09-27 14:44:56,129 [INFO] DbBoardsDocs:143 - JSON generation date=Tue Nov 16 23:17:54 ICT 2021 (1637079474)
2025-09-27 14:44:56,166 [INFO] DbBoardsPdsc:90 - Found 25 items
2025-09-27 14:44:56,177 [INFO] DbBoardsPdsc:90 - Found 9 items
2025-09-27 14:44:56,211 [INFO] DbBoardsPdsc:90 - Found 33 items
2025-09-27 14:44:56,230 [INFO] DbBoardsPdsc:90 - Found 1 items
2025-09-27 14:44:56,258 [INFO] DbBoardsPdsc:90 - Found 48 items
2025-09-27 14:44:56,288 [INFO] DbBoardsPdsc:90 - Found 43 items
2025-09-27 14:44:56,312 [INFO] DbBoardsPdsc:90 - Found 2 items
2025-09-27 14:44:56,337 [INFO] DbBoardsPdsc:90 - Found 5 items
2025-09-27 14:44:56,345 [WARN] DbBoardsPdsc:254 - Board STM32H7B3I-DK: unknown feature type=Audio, name=, username=Audio stereo codec with Headphone Amp (CS42L51-CNZ), n=1
2025-09-27 14:44:56,345 [WARN] DbBoardsPdsc:254 - Board STM32H735G-DK: unknown feature type=Audio, name=, username=Audio stereo codec with Headphone Amp (WM8994ECS/R), n=1
2025-09-27 14:44:56,345 [WARN] DbBoardsPdsc:254 - Board STM32H7B3I-EVAL: unknown feature type=Audio, name=, username=Multi-Channel Audio Codec (CS42L51-CNZ), n=1
2025-09-27 14:44:56,345 [WARN] DbBoardsPdsc:254 - Board STM32H7B3I-EVAL: unknown feature type=Meter, name=, username=Power-metering and Temperature-monitoring with sigma-delta modulators, n=1
2025-09-27 14:44:56,345 [WARN] DbBoardsPdsc:254 - Board STM32H7B3I-EVAL: unknown feature type=Motor, name=, username=Motor Control, n=1
2025-09-27 14:44:56,351 [WARN] DbBoardsPdsc:254 - Board STM32U575I-EV: unknown feature type=joystick, name=, username=4-direction joystick with selection button, n=1
2025-09-27 14:44:56,370 [INFO] DbBoardsJson:86 - JSON generation date=Tue Nov 16 23:17:54 ICT 2021 (1637079474)
2025-09-27 14:44:56,383 [INFO] DbBoards:117 - Found 167 boards (163 are supported by CubeMX)
2025-09-27 14:44:56,383 [INFO] DbBoardsDocs:143 - JSON generation date=Tue Nov 16 23:17:54 ICT 2021 (1637079474)
2025-09-27 14:44:56,383 [INFO] DbBoardsDocs:79 - Found 209 boards documents
2025-09-27 14:44:56,391 [WARN] DbBoards:127 - board B-L475E-IOT01A2 has no document id list !
2025-09-27 14:44:56,391 [WARN] DbBoards:127 - board NUCLEO-H743ZI has no document id list !
2025-09-27 14:44:56,395 [WARN] DbBoards:127 - board NUCLEO-WL55JC2 has no document id list !
2025-09-27 14:44:56,395 [WARN] DbBoards:127 - board P-NUCLEO-WB55-Nucleo has no document id list !
2025-09-27 14:44:56,395 [WARN] DbBoards:127 - board P-NUCLEO-WB55-USBDongle has no document id list !
2025-09-27 14:44:56,395 [WARN] DbBoards:127 - board STEVAL-BFA001V1B has no document id list !
2025-09-27 14:44:56,395 [WARN] DbBoards:127 - board STEVAL-BFA001V2B has no document id list !
2025-09-27 14:44:56,395 [WARN] DbBoards:127 - board STEVAL-IDP005V1 has no document id list !
2025-09-27 14:44:56,395 [WARN] DbBoards:127 - board STEVAL-IDP005V2 has no document id list !
2025-09-27 14:44:56,395 [WARN] DbBoards:127 - board STEVAL-MKSBOX1V1 has no document id list !
2025-09-27 14:44:56,395 [WARN] DbBoards:127 - board STEVAL-STWINKT1 has no document id list !
2025-09-27 14:44:56,395 [WARN] DbBoards:127 - board STEVAL-STWINKT1B has no document id list !
2025-09-27 14:44:56,395 [WARN] DbBoards:127 - board STM32439I-EVAL2 has no document id list !
2025-09-27 14:44:56,395 [WARN] DbBoards:127 - board STM32F401C-DISCO has no document id list !
2025-09-27 14:44:56,395 [WARN] DbBoards:127 - board STM32F769I-DISC1 has no document id list !
2025-09-27 14:44:56,395 [WARN] DbBoards:127 - board STM32G474E-EVAL1 has no document id list !
2025-09-27 14:44:56,399 [WARN] DbBoards:127 - board STM32H743I-EVAL2 has no document id list !
2025-09-27 14:44:56,399 [WARN] DbBoards:127 - board STM32H747I-DISC1 has no document id list !
2025-09-27 14:44:56,399 [WARN] DbBoards:127 - board STM32H753I-EVAL2 has no document id list !
2025-09-27 14:44:56,399 [WARN] DbBoards:127 - board STM32L-DISCOVERY has no document id list !
2025-09-27 14:44:56,587 [ERROR] DbBoards:189 - Image file not found for board B-U585I-IOT02A: C:\ST\STM32CubeIDE_1.7.0\STM32CubeIDE\plugins\com.st.stm32cube.common.mx_6.3.0.202107141111\\db\/plugins/mcufinder/images/boards/B-U585I-IOT02A_small.jpg
2025-09-27 14:44:56,730 [ERROR] DbBoards:189 - Image file not found for board NUCLEO-F413ZH: C:\ST\STM32CubeIDE_1.7.0\STM32CubeIDE\plugins\com.st.stm32cube.common.mx_6.3.0.202107141111\\db\/plugins/mcufinder/images/boards/nucleo-f413zh_small.jpg
2025-09-27 14:44:56,936 [ERROR] DbBoards:189 - Image file not found for board NUCLEO-L552ZE-Q: C:\ST\STM32CubeIDE_1.7.0\STM32CubeIDE\plugins\com.st.stm32cube.common.mx_6.3.0.202107141111\\db\/plugins/mcufinder/images/boards/nucleo_l552ze_q_small.jpg
2025-09-27 14:44:56,936 [ERROR] DbBoards:189 - Image file not found for board NUCLEO-U575ZI-Q: C:\ST\STM32CubeIDE_1.7.0\STM32CubeIDE\plugins\com.st.stm32cube.common.mx_6.3.0.202107141111\\db\/plugins/mcufinder/images/boards/nucleo-u575zi-q_small.jpg
2025-09-27 14:44:56,936 [ERROR] DbBoards:189 - Image file not found for board NUCLEO-WB15CC: C:\ST\STM32CubeIDE_1.7.0\STM32CubeIDE\plugins\com.st.stm32cube.common.mx_6.3.0.202107141111\\db\/plugins/mcufinder/images/boards/nucleo-wb15cc_small.jpg
2025-09-27 14:44:56,936 [ERROR] DbBoards:189 - Image file not found for board NUCLEO-WB55RG: C:\ST\STM32CubeIDE_1.7.0\STM32CubeIDE\plugins\com.st.stm32cube.common.mx_6.3.0.202107141111\\db\/plugins/mcufinder/images/boards/nucleo-wb55rg_small.jpg
2025-09-27 14:44:58,233 [INFO] ApiDb:251 - Load user favorites file C:\Users\ANH DUY/.stm32cubeide/favorites.boards.txt: 0 item(s)
2025-09-27 14:44:58,235 [INFO] ApiDb:255 - User favorites Boards=[]
2025-09-27 14:44:58,235 [INFO] DbBoards:206 - Set 0 / 0 favorites Boards
2025-09-27 14:44:58,237 [INFO] DbBoardsDocs:79 - Found 418 boards documents
2025-09-27 14:44:58,239 [INFO] ApiDb:276 - Save user favorites file C:\Users\ANH DUY/.stm32cubeide/favorites.boards.txt: 0 item(s)
2025-09-27 14:44:58,239 [INFO] ApiDb:280 - User favorites Boards=[]
2025-09-27 14:44:58,243 [INFO] DbBoardsPdsc:90 - Found 25 items
2025-09-27 14:44:58,245 [INFO] DbBoardsPdsc:90 - Found 9 items
2025-09-27 14:44:58,249 [INFO] DbBoardsPdsc:90 - Found 33 items
2025-09-27 14:44:58,253 [INFO] DbBoardsPdsc:90 - Found 1 items
2025-09-27 14:44:58,253 [INFO] DbBoardsPdsc:90 - Found 48 items
2025-09-27 14:44:58,268 [INFO] DbBoardsPdsc:90 - Found 43 items
2025-09-27 14:44:58,270 [INFO] DbBoardsPdsc:90 - Found 2 items
2025-09-27 14:44:58,271 [INFO] DbBoardsPdsc:90 - Found 5 items
2025-09-27 14:44:58,275 [WARN] DbBoardsPdsc:254 - Board STM32H7B3I-DK: unknown feature type=Audio, name=, username=Audio stereo codec with Headphone Amp (CS42L51-CNZ), n=1
2025-09-27 14:44:58,276 [WARN] DbBoardsPdsc:254 - Board STM32H735G-DK: unknown feature type=Audio, name=, username=Audio stereo codec with Headphone Amp (WM8994ECS/R), n=1
2025-09-27 14:44:58,278 [WARN] DbBoardsPdsc:254 - Board STM32H7B3I-EVAL: unknown feature type=Audio, name=, username=Multi-Channel Audio Codec (CS42L51-CNZ), n=1
2025-09-27 14:44:58,278 [WARN] DbBoardsPdsc:254 - Board STM32H7B3I-EVAL: unknown feature type=Meter, name=, username=Power-metering and Temperature-monitoring with sigma-delta modulators, n=1
2025-09-27 14:44:58,278 [WARN] DbBoardsPdsc:254 - Board STM32H7B3I-EVAL: unknown feature type=Motor, name=, username=Motor Control, n=1
2025-09-27 14:44:58,278 [WARN] DbBoardsPdsc:254 - Board STM32U575I-EV: unknown feature type=joystick, name=, username=4-direction joystick with selection button, n=1
2025-09-27 14:44:58,296 [INFO] DbBoardsJson:86 - JSON generation date=Tue Nov 16 23:17:54 ICT 2021 (1637079474)
2025-09-27 14:44:58,303 [INFO] DbBoards:117 - Found 167 boards (163 are supported by CubeMX)
2025-09-27 14:44:58,305 [WARN] DbBoards:127 - board B-L475E-IOT01A2 has no document id list !
2025-09-27 14:44:58,305 [WARN] DbBoards:127 - board NUCLEO-H743ZI has no document id list !
2025-09-27 14:44:58,305 [WARN] DbBoards:127 - board NUCLEO-WL55JC2 has no document id list !
2025-09-27 14:44:58,305 [WARN] DbBoards:127 - board P-NUCLEO-WB55-Nucleo has no document id list !
2025-09-27 14:44:58,305 [WARN] DbBoards:127 - board P-NUCLEO-WB55-USBDongle has no document id list !
2025-09-27 14:44:58,307 [WARN] DbBoards:127 - board STEVAL-BFA001V1B has no document id list !
2025-09-27 14:44:58,307 [WARN] DbBoards:127 - board STEVAL-BFA001V2B has no document id list !
2025-09-27 14:44:58,307 [WARN] DbBoards:127 - board STEVAL-IDP005V1 has no document id list !
2025-09-27 14:44:58,307 [WARN] DbBoards:127 - board STEVAL-IDP005V2 has no document id list !
2025-09-27 14:44:58,307 [WARN] DbBoards:127 - board STEVAL-MKSBOX1V1 has no document id list !
2025-09-27 14:44:58,307 [WARN] DbBoards:127 - board STEVAL-STWINKT1 has no document id list !
2025-09-27 14:44:58,307 [WARN] DbBoards:127 - board STEVAL-STWINKT1B has no document id list !
2025-09-27 14:44:58,307 [WARN] DbBoards:127 - board STM32439I-EVAL2 has no document id list !
2025-09-27 14:44:58,307 [WARN] DbBoards:127 - board STM32F401C-DISCO has no document id list !
2025-09-27 14:44:58,307 [WARN] DbBoards:127 - board STM32F769I-DISC1 has no document id list !
2025-09-27 14:44:58,307 [WARN] DbBoards:127 - board STM32G474E-EVAL1 has no document id list !
2025-09-27 14:44:58,307 [WARN] DbBoards:127 - board STM32H743I-EVAL2 has no document id list !
2025-09-27 14:44:58,307 [WARN] DbBoards:127 - board STM32H747I-DISC1 has no document id list !
2025-09-27 14:44:58,307 [WARN] DbBoards:127 - board STM32H753I-EVAL2 has no document id list !
2025-09-27 14:44:58,307 [WARN] DbBoards:127 - board STM32L-DISCOVERY has no document id list !
2025-09-27 14:44:58,395 [ERROR] DbBoards:189 - Image file not found for board B-U585I-IOT02A: C:\ST\STM32CubeIDE_1.7.0\STM32CubeIDE\plugins\com.st.stm32cube.common.mx_6.3.0.202107141111\\db\/plugins/mcufinder/images/boards/B-U585I-IOT02A_small.jpg
2025-09-27 14:44:58,480 [ERROR] DbBoards:189 - Image file not found for board NUCLEO-F413ZH: C:\ST\STM32CubeIDE_1.7.0\STM32CubeIDE\plugins\com.st.stm32cube.common.mx_6.3.0.202107141111\\db\/plugins/mcufinder/images/boards/nucleo-f413zh_small.jpg
2025-09-27 14:44:58,678 [ERROR] DbBoards:189 - Image file not found for board NUCLEO-L552ZE-Q: C:\ST\STM32CubeIDE_1.7.0\STM32CubeIDE\plugins\com.st.stm32cube.common.mx_6.3.0.202107141111\\db\/plugins/mcufinder/images/boards/nucleo_l552ze_q_small.jpg
2025-09-27 14:44:58,678 [ERROR] DbBoards:189 - Image file not found for board NUCLEO-U575ZI-Q: C:\ST\STM32CubeIDE_1.7.0\STM32CubeIDE\plugins\com.st.stm32cube.common.mx_6.3.0.202107141111\\db\/plugins/mcufinder/images/boards/nucleo-u575zi-q_small.jpg
2025-09-27 14:44:58,678 [ERROR] DbBoards:189 - Image file not found for board NUCLEO-WB15CC: C:\ST\STM32CubeIDE_1.7.0\STM32CubeIDE\plugins\com.st.stm32cube.common.mx_6.3.0.202107141111\\db\/plugins/mcufinder/images/boards/nucleo-wb15cc_small.jpg
2025-09-27 14:44:58,678 [ERROR] DbBoards:189 - Image file not found for board NUCLEO-WB55RG: C:\ST\STM32CubeIDE_1.7.0\STM32CubeIDE\plugins\com.st.stm32cube.common.mx_6.3.0.202107141111\\db\/plugins/mcufinder/images/boards/nucleo-wb55rg_small.jpg
2025-09-27 14:44:59,517 [INFO] ApiDb:251 - Load user favorites file C:\Users\ANH DUY/.stm32cubeide/favorites.boards.txt: 0 item(s)
2025-09-27 14:44:59,517 [INFO] ApiDb:255 - User favorites Boards=[]
2025-09-27 14:44:59,517 [INFO] DbBoards:206 - Set 0 / 0 favorites Boards
2025-09-27 14:44:59,536 [INFO] LoadUrlFilesThread:172 - End of LoadServerUrlFiles without Thread
2025-09-27 14:44:59,536 [INFO] TargetSelectorAdapter:224 - Refresh data is successful
2025-09-27 14:45:00,132 [INFO] ApiDb:479 - Connected to CubeFinder SQLite database (C:\Users\ANH DUY\.stmcufinder\plugins\mcufinder\mcu\cube-finder-db.db)
2025-09-27 14:45:01,025 [ERROR] DbExamplesSqlite:446 - Missing JSON key: board_cpn
2025-09-27 14:45:01,026 [ERROR] DbExamplesSqlite:446 - Missing JSON key: board_cpn
2025-09-27 14:45:01,026 [ERROR] DbExamplesSqlite:446 - Missing JSON key: board_cpn
2025-09-27 14:45:01,026 [ERROR] DbExamplesSqlite:446 - Missing JSON key: board_cpn
2025-09-27 14:45:01,333 [ERROR] DbExamplesSqlite:446 - Missing JSON key: board_cpn
2025-09-27 14:45:01,333 [ERROR] DbExamplesSqlite:446 - Missing JSON key: board_cpn
2025-09-27 14:45:01,341 [INFO] DbExamplesSqlite:411 - Ignored 33 examples not supported by CubeIDE
2025-09-27 14:45:01,341 [INFO] DbExamplesSqlite:412 - Found 10871 examples active
2025-09-27 14:45:01,341 [INFO] DbExamplesSqlite:413 - Found 0 examples obsolete
2025-09-27 14:45:01,341 [INFO] DbExamplesSqlite:414 - Found 0 examples under development
2025-09-27 14:45:01,341 [INFO] DbExamplesSqlite:415 - Found 65 examples not building
2025-09-27 14:45:01,422 [INFO] DbExamplesSqlite:108 - CubeFinder database Data Model version=2.1
2025-09-27 14:45:01,422 [INFO] DbExamplesSqlite:109 - CubeFinder database Configuration version=3.0.39
2025-09-27 14:45:01,422 [INFO] DbExamplesSqlite:110 - CubeFinder database generation date=2025-08-25 (1756130511)
2025-09-27 14:45:01,422 [INFO] DbExamplesSqlite:111 - CubeFinder database FW Pack versions=[FP-ATR-ASTRA1_V2.0.0, FP-SNS-FLIGHT1_V5.1.0, FP-SNS-MOTENV1_V5.0.0, FP-SNS-MOTENVWB1_V1.4.0, FP-SNS-SMARTAG2_V1.2.0, FP-SNS-STBOX1_V2.1.0, STM32Cube_FW_C0_V1.4.0, STM32Cube_FW_F4_V1.28.3, STM32Cube_FW_F7_V1.17.4, STM32Cube_FW_G0_V1.6.2, STM32Cube_FW_G4_V1.6.1, STM32Cube_FW_H5_V1.5.0, STM32Cube_FW_H7RS_V1.2.0, STM32Cube_FW_H7_V1.12.1, STM32Cube_FW_L0_V1.12.2, STM32Cube_FW_L4_V1.18.1, STM32Cube_FW_L5_V1.5.1, STM32Cube_FW_N6_V1.2.0, STM32Cube_FW_U0_V1.3.0, STM32Cube_FW_U3_V1.2.0, STM32Cube_FW_U5_V1.8.0, STM32Cube_FW_WB0_V1.3.0, STM32Cube_FW_WBA_V1.7.0, STM32Cube_FW_WB_V1.23.0, STM32Cube_FW_WL3_V1.2.0, STM32Cube_FW_WL_V1.3.1, X-CUBE-ALGOBUILD_V1.4.0, X-CUBE-ALS_V1.0.2, X-CUBE-AZRTOS-F4_V1.1.0, X-CUBE-AZRTOS-F7_V1.1.0, X-CUBE-AZRTOS-G0_V1.1.0, X-CUBE-AZRTOS-G4_V2.0.0, X-CUBE-AZRTOS-H7RS_V1.1.0, X-CUBE-AZRTOS-H7_V3.4.0, X-CUBE-AZRTOS-L4_V2.0.0, X-CUBE-AZRTOS-L5_V2.0.0, X-CUBE-AZRTOS-WB_V2.0.0, X-CUBE-AZRTOS-WL_V2.0.0, X-CUBE-BLE1_V7.1.0, X-CUBE-BLE2_V3.3.0, X-CUBE-BLEMGR_V4.1.0, X-CUBE-EEPRMA1_V5.2.0, X-CUBE-FREERTOS_V1.3.1, X-CUBE-GNSS1_V6.0.0, X-CUBE-MEMS1_V11.3.0, X-CUBE-NFC4_V3.0.0, X-CUBE-NFC7_V2.0.0, X-CUBE-SFXS2LP1_V4.0.0, X-CUBE-ST67W61_V1.0.0, X-CUBE-SUBG2_V5.0.0, X-CUBE-TOF1_V3.4.3]
2025-09-27 14:45:01,423 [INFO] DbExamples:130 - Found 10903 examples
2025-09-27 14:45:02,466 [ERROR] DbExamples:206 - Found 10903 examples with invalid data (board or MCU)
2025-09-27 14:45:02,466 [INFO] DbExamples:222 - Found 97 boards with related examples
2025-09-27 14:45:02,466 [INFO] DbExamples:235 - Found 0 MCUs with related examples
2025-09-27 14:45:02,500 [INFO] ApiDb:242 - User favorites file not found: C:\Users\ANH DUY/.stm32cubeide/favorites.examples.txt
2025-09-27 14:45:02,500 [INFO] DbExamples:256 - Set 0 / 0 favorites Examples
2025-09-27 14:45:03,209 [INFO] McuFinderGlobals:52 - Set McuFinderConnectedMode to false
2025-09-27 14:45:03,353 [INFO] CrossSelectorPresenter:1330 - Cross Selector saved comparison directory: C:\Users\ANH DUY\.stmcufinder\plugins\mcufinder\mcu\cs_comparisons_mx
2025-09-27 14:45:03,358 [INFO] MultiScanPanel:197 - Auto-refresh data requested => check proxy status ongoing
2025-09-27 14:45:03,358 [INFO] MultiScanPanel:201 - Proxy status is invalid
2025-09-27 14:45:03,367 [INFO] FinderPluginLoader:87 - Searching for filters in installed packs
2025-09-27 14:45:04,092 [INFO] DetailPanel:309 - Set advertising image to C:/Users/ANH DUY/STM32Cube/Repository/\en.2400x1350px.jpeg
2025-09-27 14:47:29,905 [INFO] MainUpdater:2671 - connection check result : 10
2025-09-27 14:47:29,905 [INFO] MainUpdater:2671 - connection check result : 10
2025-09-27 14:47:30,039 [INFO] MicroXplorer:448 - Change Database Path : 
2025-09-27 14:47:30,039 [INFO] MicroXplorer:478 - Change Database Version : DB.6.0.30
2025-09-27 14:47:30,039 [WARN] ThirdParty:813 - waiting for thirdparty lock release [close project]
2025-09-27 14:47:30,039 [INFO] ThirdParty:815 - entering critical section [close project]
2025-09-27 14:47:30,039 [INFO] ThirdParty:825 - exiting critical section [close project]
2025-09-27 14:47:30,046 [INFO] PinOutPanel:1463 - setPackage(No Configuration,No Configuration)
2025-09-27 14:47:30,046 [INFO] UtilMem:74 - Begin LoadConfig() Used Memory: 916963544 Bytes (1073741824)
2025-09-27 14:47:30,046 [INFO] MicroXplorer:448 - Change Database Path : 
2025-09-27 14:47:30,046 [INFO] MicroXplorer:478 - Change Database Version : DB.6.0.30
2025-09-27 14:47:30,046 [INFO] OpenFileManager:313 - Change cursor
2025-09-27 14:47:30,071 [WARN] IntegrityCheckThread:78 - waiting for thirdparty lock release [integrity check]
2025-09-27 14:47:30,071 [INFO] IntegrityCheckThread:80 - entering critical section [integrity check]
2025-09-27 14:47:30,260 [ERROR] Engine:463 - C:\Users\ANH DUY\.stm32cubemx\thirdparties\pdsc\STMicroelectronics.FP-SNS-MOTENVWB1.1.4.0.pdsc: PDSC version is not supported
2025-09-27 14:47:30,282 [WARN] PackLoader:238 - Cannot read IP mode file for STMicroelectronics.FP-ATR-ASTRA1.2.0.2
2025-09-27 14:47:30,318 [ERROR] Engine:463 - C:\Users\ANH DUY\.stm32cubemx\thirdparties\pdsc\STMicroelectronics.X-CUBE-SMBUS.2.1.0.pdsc: PDSC version is not supported
2025-09-27 14:47:30,337 [ERROR] Engine:463 - C:\Users\ANH DUY\.stm32cubemx\thirdparties\pdsc\STMicroelectronics.X-CUBE-ST60.1.0.0.pdsc: PDSC version is not supported
2025-09-27 14:47:30,410 [WARN] PackLoader:238 - Cannot read IP mode file for STMicroelectronics.X-CUBE-AZRTOS-F7.1.1.0
2025-09-27 14:47:30,424 [ERROR] Engine:463 - C:\Users\ANH DUY\.stm32cubemx\thirdparties\pdsc\WES.I-CUBE-Cesium.1.4.0.pdsc: PDSC version is not supported
2025-09-27 14:47:30,455 [ERROR] Engine:463 - C:\Users\ANH DUY\.stm32cubemx\thirdparties\pdsc\Infineon.AIROC-Wi-Fi-Bluetooth-STM32.1.7.1.pdsc: PDSC version is not supported
2025-09-27 14:47:30,527 [WARN] PackLoader:238 - Cannot read IP mode file for STMicroelectronics.X-CUBE-AZRTOS-H7.3.4.0
2025-09-27 14:47:30,563 [ERROR] Engine:463 - C:\Users\ANH DUY\.stm32cubemx\thirdparties\pdsc\STMicroelectronics.X-CUBE-DISPLAY.3.0.0.pdsc: PDSC version is not supported
2025-09-27 14:47:30,592 [WARN] PackLoader:238 - Cannot read IP mode file for STMicroelectronics.X-CUBE-NFC10.1.0.0
2025-09-27 14:47:30,623 [ERROR] Engine:463 - C:\Users\ANH DUY\.stm32cubemx\thirdparties\pdsc\emotas.I-CUBE-CANOPEN.1.3.0.pdsc: PDSC version is not supported
2025-09-27 14:47:30,648 [ERROR] Engine:463 - C:\Users\ANH DUY\.stm32cubemx\thirdparties\pdsc\STMicroelectronics.FP-SNS-STBOX1.2.1.0.pdsc: PDSC version is not supported
2025-09-27 14:47:30,677 [ERROR] Engine:463 - C:\Users\ANH DUY\.stm32cubemx\thirdparties\pdsc\STMicroelectronics.FP-SNS-SMARTAG2.1.2.0.pdsc: PDSC version is not supported
2025-09-27 14:47:30,677 [ERROR] Engine:463 - C:\Users\ANH DUY\.stm32cubemx\thirdparties\pdsc\STMicroelectronics.FP-SNS-FLIGHT1.5.1.0.pdsc: PDSC version is not supported
2025-09-27 14:47:30,725 [INFO] LogOutputStream:76 - [STDOUT_REDIRECT] 1 : Invalid condition id : UX_CORESTACK_Condition cause : null
2025-09-27 14:47:30,725 [INFO] LogOutputStream:76 - [STDOUT_REDIRECT] 1 : Invalid condition id : UX_CORESTACK_Condition cause : null
2025-09-27 14:47:30,727 [INFO] LogOutputStream:76 - [STDOUT_REDIRECT] 1 : Invalid condition id : UX_CORESTACK_Condition cause : null
2025-09-27 14:47:30,729 [INFO] LogOutputStream:76 - [STDOUT_REDIRECT] 1 : Invalid condition id : UX_CORESTACK_Condition cause : null
2025-09-27 14:47:30,731 [INFO] LogOutputStream:76 - [STDOUT_REDIRECT] 1 : Invalid condition id : UX_CORESTACK_Condition cause : null
2025-09-27 14:47:30,733 [WARN] PackLoader:238 - Cannot read IP mode file for STMicroelectronics.X-CUBE-AZRTOS-WL.2.0.0
2025-09-27 14:47:30,757 [ERROR] Engine:463 - C:\Users\ANH DUY\.stm32cubemx\thirdparties\pdsc\STMicroelectronics.FP-SNS-MOTENV1.5.0.0.pdsc: PDSC version is not supported
2025-09-27 14:47:30,799 [WARN] PackLoader:238 - Cannot read IP mode file for STMicroelectronics.X-CUBE-BLE2.3.3.0
2025-09-27 14:47:30,834 [WARN] PackLoader:238 - Cannot read IP mode file for STMicroelectronics.X-CUBE-NFC9.1.0.0
2025-09-27 14:47:30,861 [WARN] PackLoader:238 - Cannot read IP mode file for wolfSSL.I-CUBE-wolfSSL.5.8.2
2025-09-27 14:47:30,884 [WARN] PackLoader:238 - Cannot read IP mode file for STMicroelectronics.X-CUBE-BLE1.7.1.0
2025-09-27 14:47:30,900 [WARN] PackLoader:238 - Cannot read IP mode file for wolfSSL.I-CUBE-wolfMQTT.1.19.2
2025-09-27 14:47:30,936 [WARN] PackLoader:238 - Cannot read IP mode file for STMicroelectronics.X-CUBE-EEPRMA1.5.2.0
2025-09-27 14:47:30,980 [WARN] PackLoader:238 - Cannot read IP mode file for STMicroelectronics.X-CUBE-AZRTOS-G0.1.1.0
2025-09-27 14:47:31,012 [WARN] PackLoader:238 - Cannot read IP mode file for STMicroelectronics.X-CUBE-SAFEA1.1.2.2
2025-09-27 14:47:31,043 [WARN] PackLoader:238 - Cannot read IP mode file for STMicroelectronics.X-CUBE-NFC4.3.0.0
2025-09-27 14:47:31,069 [ERROR] Engine:463 - C:\Users\ANH DUY\.stm32cubemx\thirdparties\pdsc\EmbeddedOffice.I-CUBE-FS-RTOS.1.0.1.pdsc: PDSC version is not supported
2025-09-27 14:47:31,100 [WARN] PackLoader:238 - Cannot read IP mode file for STMicroelectronics.X-CUBE-WB05N.2.0.0
2025-09-27 14:47:31,127 [WARN] PackLoader:238 - Cannot read IP mode file for wolfSSL.I-CUBE-wolfTPM.3.8.0
2025-09-27 14:47:31,153 [ERROR] Engine:463 - C:\Users\ANH DUY\.stm32cubemx\thirdparties\pdsc\STMicroelectronics.X-CUBE-TCPP.4.2.0.pdsc: PDSC version is not supported
2025-09-27 14:47:31,171 [ERROR] Engine:463 - C:\Users\ANH DUY\.stm32cubemx\thirdparties\pdsc\RealThread.X-CUBE-RT-Thread_Nano.4.1.1.pdsc: PDSC version is not supported
2025-09-27 14:47:31,202 [WARN] PackLoader:238 - Cannot read IP mode file for STMicroelectronics.FP-ATR-SIGFOX1.3.2.0
2025-09-27 14:47:31,229 [ERROR] Engine:463 - C:\Users\ANH DUY\.stm32cubemx\thirdparties\pdsc\ITTIA_DB.I-CUBE-ITTIADB.8.9.0.pdsc: PDSC version is not supported
2025-09-27 14:47:31,249 [ERROR] Engine:463 - C:\Users\ANH DUY\.stm32cubemx\thirdparties\pdsc\STMicroelectronics.X-CUBE-ST67W61.1.0.0.pdsc: PDSC version is not supported
2025-09-27 14:47:31,271 [WARN] PackLoader:238 - Cannot read IP mode file for STMicroelectronics.X-CUBE-AI.10.2.0
2025-09-27 14:47:31,333 [WARN] PackLoader:238 - Cannot read IP mode file for SEGGER.I-CUBE-embOS.1.3.1
2025-09-27 14:47:31,423 [WARN] PackLoader:238 - Cannot read IP mode file for STMicroelectronics.X-CUBE-ALGOBUILD.1.4.0
2025-09-27 14:47:31,507 [WARN] PackLoader:238 - Cannot read IP mode file for STMicroelectronics.X-CUBE-MEMS1.11.3.0
2025-09-27 14:47:31,802 [WARN] PackLoader:238 - Cannot read IP mode file for STMicroelectronics.X-CUBE-PM33A1.1.0.0
2025-09-27 14:47:31,849 [WARN] PackLoader:238 - Cannot read IP mode file for STMicroelectronics.X-CUBE-AZRTOS-F4.1.1.0
2025-09-27 14:47:31,878 [ERROR] Engine:463 - C:\Users\ANH DUY\.stm32cubemx\thirdparties\pdsc\Avnet-IotConnect.X-CUBE-IoTC-DA16k-PMOD.1.0.0.pdsc: PDSC version is not supported
2025-09-27 14:47:31,897 [WARN] PackLoader:238 - Cannot read IP mode file for STMicroelectronics.X-CUBE-ISPU.2.1.0
2025-09-27 14:47:31,923 [WARN] PackLoader:238 - Cannot read IP mode file for STMicroelectronics.X-CUBE-NFC12.1.0.0
2025-09-27 14:47:31,976 [WARN] PackLoader:238 - Cannot read IP mode file for STMicroelectronics.X-CUBE-AZRTOS-L5.2.0.0
2025-09-27 14:47:32,017 [WARN] PackLoader:238 - Cannot read IP mode file for STMicroelectronics.X-CUBE-NFC6.3.1.0
2025-09-27 14:47:32,026 [ERROR] Engine:463 - C:\Users\ANH DUY\.stm32cubemx\thirdparties\pdsc\STMicroelectronics.X-CUBE-FREERTOS.1.3.1.pdsc: PDSC version is not supported
2025-09-27 14:47:32,040 [ERROR] Engine:463 - C:\Users\ANH DUY\.stm32cubemx\thirdparties\pdsc\STMicroelectronics.FP-SNS-STAIOTCFT.1.0.0.pdsc: PDSC version is not supported
2025-09-27 14:47:32,066 [ERROR] Engine:463 - C:\Users\ANH DUY\.stm32cubemx\thirdparties\pdsc\STMicroelectronics.X-CUBE-DPower.1.3.0.pdsc: PDSC version is not supported
2025-09-27 14:47:32,123 [WARN] ConditionMgr:437 - getConditionDescription Invalid condition id : LAN8742 Phy interface Condition cause : null
2025-09-27 14:47:32,123 [WARN] PackLoader:238 - Cannot read IP mode file for STMicroelectronics.X-CUBE-AZRTOS-L4.2.0.0
2025-09-27 14:47:32,125 [WARN] ConditionMgr:1038 - genDependencies : Invalid condition id : LAN8742 Phy interface Condition cause : null
2025-09-27 14:47:32,127 [WARN] ConditionMgr:1038 - genDependencies : Invalid condition id : LAN8742 Phy interface Condition cause : null
2025-09-27 14:47:32,127 [WARN] ConditionMgr:1038 - genDependencies : Invalid condition id : LAN8742 Phy interface Condition cause : null
2025-09-27 14:47:32,152 [WARN] PackLoader:238 - Cannot read IP mode file for STMicroelectronics.X-CUBE-SFXS2LP1.4.0.0
2025-09-27 14:47:32,182 [ERROR] Engine:463 - C:\Users\ANH DUY\.stm32cubemx\thirdparties\pdsc\STMicroelectronics.X-CUBE-BLEMGR.4.1.0.pdsc: PDSC version is not supported
2025-09-27 14:47:32,224 [WARN] ConditionMgr:437 - getConditionDescription Invalid condition id : UX DEVICE CLASS RTOS Condition cause : null
2025-09-27 14:47:32,224 [WARN] ConditionMgr:437 - getConditionDescription Invalid condition id : UX DEVICE CLASS RTOS Condition cause : null
2025-09-27 14:47:32,224 [WARN] PackLoader:238 - Cannot read IP mode file for STMicroelectronics.X-CUBE-AZRTOS-WB.2.0.0
2025-09-27 14:47:32,224 [WARN] ConditionMgr:1038 - genDependencies : Invalid condition id : UX DEVICE CLASS RTOS Condition cause : null
2025-09-27 14:47:32,224 [WARN] ConditionMgr:1038 - genDependencies : Invalid condition id : UX DEVICE CLASS RTOS Condition cause : null
2025-09-27 14:47:32,224 [WARN] ConditionMgr:1038 - genDependencies : Invalid condition id : UX DEVICE CLASS RTOS Condition cause : null
2025-09-27 14:47:32,230 [WARN] ConditionMgr:1038 - genDependencies : Invalid condition id : UX DEVICE CLASS RTOS Condition cause : null
2025-09-27 14:47:32,230 [WARN] ConditionMgr:1038 - genDependencies : Invalid condition id : UX DEVICE CLASS RTOS Condition cause : null
2025-09-27 14:47:32,252 [WARN] PackLoader:238 - Cannot read IP mode file for STMicroelectronics.X-CUBE-GNSS1.7.0.1
2025-09-27 14:47:32,290 [WARN] PackLoader:238 - Cannot read IP mode file for STMicroelectronics.X-CUBE-TOUCHGFX.4.25.0
2025-09-27 14:47:32,295 [ERROR] Engine:463 - C:\Users\ANH DUY\.stm32cubemx\thirdparties\pdsc\quantropi.X-CUBE-qispace-sdk-base.2.1.0.pdsc: PDSC version is not supported
2025-09-27 14:47:32,331 [WARN] PackLoader:238 - Cannot read IP mode file for STMicroelectronics.X-CUBE-SUBG2.5.0.0
2025-09-27 14:47:32,390 [WARN] PackLoader:238 - Cannot read IP mode file for STMicroelectronics.X-CUBE-AZRTOS-H7RS.1.1.0
2025-09-27 14:47:32,405 [ERROR] Engine:463 - C:\Users\ANH DUY\.stm32cubemx\thirdparties\pdsc\Cesanta.I-CUBE-Mongoose.7.13.0.pdsc: PDSC version is not supported
2025-09-27 14:47:32,446 [WARN] PackLoader:238 - Cannot read IP mode file for STMicroelectronics.X-CUBE-AZRTOS-G4.2.0.0
2025-09-27 14:47:32,471 [WARN] PackLoader:238 - Cannot read IP mode file for wolfSSL.I-CUBE-wolfSSH.1.4.20
2025-09-27 14:47:32,490 [WARN] PackLoader:238 - Cannot read IP mode file for STMicroelectronics.X-CUBE-NFC7.2.0.0
2025-09-27 14:47:32,514 [ERROR] Engine:463 - C:\Users\ANH DUY\.stm32cubemx\thirdparties\pdsc\STMicroelectronics.X-CUBE-IPS.3.1.0.pdsc: PDSC version is not supported
2025-09-27 14:47:32,531 [ERROR] Engine:463 - C:\Users\ANH DUY\.stm32cubemx\thirdparties\pdsc\STMicroelectronics.X-CUBE-ALS.1.0.2.pdsc: PDSC version is not supported
2025-09-27 14:47:32,555 [WARN] PackLoader:238 - Cannot read IP mode file for STMicroelectronics.X-CUBE-STSE01.1.0.0
2025-09-27 14:47:32,584 [ERROR] Engine:463 - C:\Users\ANH DUY\.stm32cubemx\thirdparties\pdsc\STMicroelectronics.X-CUBE-TOF1.3.4.3.pdsc: PDSC version is not supported
2025-09-27 14:47:32,584 [INFO] ThirdParty:915 - Integrity check success = true
2025-09-27 14:47:32,584 [INFO] IntegrityCheckThread:94 - exiting critical section [integrity check]
2025-09-27 14:47:32,584 [INFO] IntegrityCheckThread:97 - End integrity checks thread
2025-09-27 14:47:34,039 [INFO] Context:592 - Trying to add GPIOservice into a context  which must be forbidden
2025-09-27 14:47:34,302 [INFO] ImportTextPane:167 - (OptionalMessage_ERROR) Unable to find key (Mcu.ThirdPartyNb) in loaded IOC file
2025-09-27 14:47:34,302 [INFO] ImportTextPane:167 - (OptionalMessage_ERROR) Unable to find key (Mcu.PinsNb) in loaded IOC file
2025-09-27 14:47:34,302 [INFO] ImportTextPane:167 - (OptionalMessage_ERROR) Unable to find key (Mcu.IPNb) in loaded IOC file
2025-09-27 14:47:34,395 [WARN] ApiManager:304 - Cannot register API 'Board Extension:PM33A1' from pack STMicroelectronics.X-CUBE-PM33A1.1.0.0: no header file found
2025-09-27 14:47:34,406 [WARN] ApiManager:304 - Cannot register API 'Board Extension:NFC09A1' from pack STMicroelectronics.X-CUBE-NFC9.1.0.0: no header file found
2025-09-27 14:47:34,414 [WARN] ApiManager:304 - Cannot register API 'Wireless:BlueNRG-MS' from pack STMicroelectronics.X-CUBE-BLE1.7.1.0: no header file found
2025-09-27 14:47:34,418 [WARN] ApiManager:304 - Cannot register API 'Board Extension:EEPRMA2' from pack STMicroelectronics.X-CUBE-EEPRMA1.5.2.0: no header file found
2025-09-27 14:47:34,418 [WARN] ApiManager:304 - Cannot register API 'Board Extension:PGEEZ1' from pack STMicroelectronics.X-CUBE-EEPRMA1.5.2.0: no header file found
2025-09-27 14:47:34,418 [WARN] ApiManager:304 - Cannot register API 'Board Extension:EEICA1' from pack STMicroelectronics.X-CUBE-EEPRMA1.5.2.0: no header file found
2025-09-27 14:47:34,418 [WARN] ApiManager:304 - Cannot register API 'Board Part:M24' from pack STMicroelectronics.X-CUBE-EEPRMA1.5.2.0: no header file found
2025-09-27 14:47:34,418 [WARN] ApiManager:304 - Cannot register API 'Board Part:M95' from pack STMicroelectronics.X-CUBE-EEPRMA1.5.2.0: no header file found
2025-09-27 14:47:34,418 [WARN] ApiManager:304 - Cannot register API 'Board Part:M95P32' from pack STMicroelectronics.X-CUBE-EEPRMA1.5.2.0: no header file found
2025-09-27 14:47:34,418 [WARN] ApiManager:304 - Cannot register API 'Board Part:M24256E-F' from pack STMicroelectronics.X-CUBE-EEPRMA1.5.2.0: no header file found
2025-09-27 14:47:34,418 [WARN] ApiManager:304 - Cannot register API 'Board Part:M24M01E-F' from pack STMicroelectronics.X-CUBE-EEPRMA1.5.2.0: no header file found
2025-09-27 14:47:34,418 [WARN] ApiManager:304 - Cannot register API 'PGEEZ1:SPI' from pack STMicroelectronics.X-CUBE-EEPRMA1.5.2.0: no header file found
2025-09-27 14:47:34,418 [WARN] ApiManager:304 - Cannot register API 'PGEEZ1:QDSPI' from pack STMicroelectronics.X-CUBE-EEPRMA1.5.2.0: no header file found
2025-09-27 14:47:34,422 [WARN] ApiManager:304 - Cannot register API 'Board Extension:GNSS1A1' from pack STMicroelectronics.X-CUBE-GNSS1.7.0.1: no header file found
2025-09-27 14:47:34,422 [WARN] ApiManager:304 - Cannot register API 'Board Support:Custom' from pack STMicroelectronics.X-CUBE-GNSS1.7.0.1: no header file found
2025-09-27 14:47:34,422 [WARN] ApiManager:304 - Cannot register API 'Data Exchange:lib_gnss' from pack STMicroelectronics.X-CUBE-GNSS1.7.0.1: no header file found
2025-09-27 14:47:34,424 [WARN] ApiManager:304 - Cannot register API 'Board Extension:NFC12A1' from pack STMicroelectronics.X-CUBE-NFC12.1.0.0: no header file found
2025-09-27 14:47:34,435 [WARN] ApiManager:304 - Cannot register API 'Board Extension:NFC06A1' from pack STMicroelectronics.X-CUBE-NFC6.3.1.0: no header file found
2025-09-27 14:47:34,435 [WARN] ApiManager:304 - Cannot register API 'Board Extension:NFC08A1' from pack STMicroelectronics.X-CUBE-NFC6.3.1.0: no header file found
2025-09-27 14:47:34,435 [INFO] RtosManager:484 - Registered RTOS mode: class=CMSIS, group=RTOS, mode=CMSIS_V1, owner=FREERTOS
2025-09-27 14:47:34,435 [INFO] RtosManager:484 - Registered RTOS mode: class=CMSIS, group=RTOS2, mode=CMSIS_V2, owner=FREERTOS
2025-09-27 14:47:34,435 [INFO] RtosManager:484 - Registered RTOS mode: class=RTOS, group=Core, mode=CMSIS_V1, owner=FREERTOS
2025-09-27 14:47:34,435 [INFO] RtosManager:484 - Registered RTOS mode: class=RTOS, group=Core, mode=CMSIS_V2, owner=FREERTOS
2025-09-27 14:47:34,435 [WARN] ModelIntegratedComponent:181 - Missing modes for component STMicroelectronics:FreeRTOS:0.0.1:STMicroelectronics:RTOS:FreeRTOS:Core:::10.2.0:
2025-09-27 14:47:34,442 [WARN] ApiManager:304 - Cannot register API 'Board Extension:STSAFEA1' from pack STMicroelectronics.X-CUBE-SAFEA1.1.2.2: no header file found
2025-09-27 14:47:34,442 [WARN] ApiManager:304 - Cannot register API 'Board Part:STSAFEA110' from pack STMicroelectronics.X-CUBE-SAFEA1.1.2.2: no header file found
2025-09-27 14:47:34,442 [WARN] ApiManager:304 - Cannot register API 'Security:ST_Cryptolib' from pack STMicroelectronics.X-CUBE-SAFEA1.1.2.2: no header file found
2025-09-27 14:47:34,442 [WARN] ApiManager:304 - Cannot register API 'Security:MbedTLS' from pack STMicroelectronics.X-CUBE-SAFEA1.1.2.2: no header file found
2025-09-27 14:47:34,442 [WARN] ApiManager:304 - Cannot register API 'Board Extension:NFC04A1' from pack STMicroelectronics.X-CUBE-NFC4.3.0.0: no header file found
2025-09-27 14:47:34,442 [WARN] ApiManager:304 - Cannot register API 'Board Extension:S2868A1' from pack STMicroelectronics.X-CUBE-SUBG2.5.0.0: no header file found
2025-09-27 14:47:34,442 [WARN] ApiManager:304 - Cannot register API 'Board Extension:S2868A2' from pack STMicroelectronics.X-CUBE-SUBG2.5.0.0: no header file found
2025-09-27 14:47:34,442 [WARN] ApiManager:304 - Cannot register API 'Board Extension:S2915A1' from pack STMicroelectronics.X-CUBE-SUBG2.5.0.0: no header file found
2025-09-27 14:47:34,453 [WARN] ApiManager:304 - Cannot register API 'Wireless:STM32WB05N' from pack STMicroelectronics.X-CUBE-WB05N.2.0.0: no header file found
2025-09-27 14:47:34,458 [WARN] ApiManager:304 - Cannot register API 'Board Extension:NFC07A1' from pack STMicroelectronics.X-CUBE-NFC7.2.0.0: no header file found
2025-09-27 14:47:34,458 [WARN] ApiManager:304 - Cannot register API 'Board Extension:NFC10A1' from pack STMicroelectronics.X-CUBE-NFC10.1.0.0: no header file found
2025-09-27 14:47:34,458 [WARN] ModelIntegratedComponent:60 - No mode defined for component null
2025-09-27 14:47:34,458 [WARN] ModelIntegratedComponent:60 - No mode defined for component null
2025-09-27 14:47:34,458 [WARN] ModelIntegratedComponent:60 - No mode defined for component null
2025-09-27 14:47:34,458 [WARN] ModelIntegratedComponent:60 - No mode defined for component null
2025-09-27 14:47:34,458 [WARN] ModelIntegratedComponent:60 - No mode defined for component null
2025-09-27 14:47:34,458 [WARN] ModelIntegratedComponent:60 - No mode defined for component null
2025-09-27 14:47:34,458 [WARN] ModelIntegratedComponent:60 - No mode defined for component null
2025-09-27 14:47:34,458 [WARN] ModelIntegratedComponent:60 - No mode defined for component null
2025-09-27 14:47:34,458 [WARN] ModelIntegratedComponent:60 - No mode defined for component null
2025-09-27 14:47:34,458 [WARN] ModelIntegratedComponent:60 - No mode defined for component null
2025-09-27 14:47:34,458 [WARN] ModelIntegratedComponent:60 - No mode defined for component null
2025-09-27 14:47:34,465 [WARN] ModelIntegratedComponent:60 - No mode defined for component null
2025-09-27 14:47:34,465 [WARN] ModelIntegratedComponent:60 - No mode defined for component null
2025-09-27 14:47:34,465 [WARN] ModelIntegratedComponent:60 - No mode defined for component null
2025-09-27 14:47:34,465 [WARN] ModelIntegratedComponent:60 - No mode defined for component null
2025-09-27 14:47:34,465 [WARN] ModelIntegratedComponent:60 - No mode defined for component null
2025-09-27 14:47:34,465 [WARN] ModelIntegratedComponent:60 - No mode defined for component null
2025-09-27 14:47:34,465 [WARN] ModelIntegratedComponent:60 - No mode defined for component null
2025-09-27 14:47:34,465 [WARN] ModelIntegratedComponent:60 - No mode defined for component null
2025-09-27 14:47:34,465 [WARN] ModelIntegratedComponent:60 - No mode defined for component null
2025-09-27 14:47:34,465 [WARN] ModelIntegratedComponent:60 - No mode defined for component null
2025-09-27 14:47:34,465 [WARN] ModelIntegratedComponent:60 - No mode defined for component null
2025-09-27 14:47:34,465 [WARN] ModelIntegratedComponent:60 - No mode defined for component null
2025-09-27 14:47:34,465 [WARN] ModelIntegratedComponent:60 - No mode defined for component null
2025-09-27 14:47:34,465 [WARN] ModelIntegratedComponent:60 - No mode defined for component null
2025-09-27 14:47:34,465 [WARN] ModelIntegratedComponent:60 - No mode defined for component null
2025-09-27 14:47:34,465 [WARN] ModelIntegratedComponent:60 - No mode defined for component null
2025-09-27 14:47:34,465 [WARN] ModelIntegratedComponent:60 - No mode defined for component null
2025-09-27 14:47:34,465 [WARN] ModelIntegratedComponent:60 - No mode defined for component null
2025-09-27 14:47:34,465 [WARN] ModelIntegratedComponent:60 - No mode defined for component null
2025-09-27 14:47:34,465 [WARN] ModelIntegratedComponent:60 - No mode defined for component null
2025-09-27 14:47:34,465 [WARN] ApiManager:304 - Cannot register API 'Board Extension:SAFEA1' from pack STMicroelectronics.X-CUBE-STSE01.1.0.0: no header file found
2025-09-27 14:47:34,469 [WARN] ApiManager:304 - Cannot register API 'Board Extension:ESE01A1' from pack STMicroelectronics.X-CUBE-STSE01.1.0.0: no header file found
2025-09-27 14:47:34,469 [WARN] ApiManager:304 - Cannot register API 'Board Part:STSAFEA110' from pack STMicroelectronics.X-CUBE-STSE01.1.0.0: no header file found
2025-09-27 14:47:34,469 [WARN] ApiManager:304 - Cannot register API 'Board Part:STSAFEA120' from pack STMicroelectronics.X-CUBE-STSE01.1.0.0: no header file found
2025-09-27 14:47:34,469 [WARN] ApiManager:304 - Cannot register API 'Security:STM32_Cryptographic' from pack STMicroelectronics.X-CUBE-STSE01.1.0.0: no header file found
2025-09-27 14:47:34,469 [WARN] ApiManager:304 - Cannot register API 'Security:STSELib' from pack STMicroelectronics.X-CUBE-STSE01.1.0.0: no header file found
2025-09-27 14:47:34,769 [WARN] ApiManager:304 - Cannot register API 'Board Extension:IKS01A3' from pack STMicroelectronics.X-CUBE-MEMS1.11.3.0: no header file found
2025-09-27 14:47:34,769 [WARN] ApiManager:304 - Cannot register API 'Board Extension:IKS02A1' from pack STMicroelectronics.X-CUBE-MEMS1.11.3.0: no header file found
2025-09-27 14:47:34,769 [WARN] ApiManager:304 - Cannot register API 'Board Extension:IKS4A1' from pack STMicroelectronics.X-CUBE-MEMS1.11.3.0: no header file found
2025-09-27 14:47:34,783 [WARN] ApiManager:304 - Cannot register API 'Board Extension:S2868A1' from pack STMicroelectronics.X-CUBE-SFXS2LP1.4.0.0: no header file found
2025-09-27 14:47:34,787 [WARN] ApiManager:304 - Cannot register API 'Board Extension:S2868A2' from pack STMicroelectronics.X-CUBE-SFXS2LP1.4.0.0: no header file found
2025-09-27 14:47:34,787 [WARN] ApiManager:304 - Cannot register API 'Board Extension:S2915A1' from pack STMicroelectronics.X-CUBE-SFXS2LP1.4.0.0: no header file found
2025-09-27 14:47:34,787 [WARN] ApiManager:304 - Cannot register API 'Wireless:BlueNRG-2' from pack STMicroelectronics.X-CUBE-BLE2.3.3.0: no header file found
2025-09-27 14:47:36,997 [INFO] UtilMem:74 - End LoadConfig() Used Memory: 875130304 Bytes (1073741824)
2025-09-27 14:47:37,020 [WARN] ThirdParty:779 - waiting for thirdparty lock release [change project]
2025-09-27 14:47:37,020 [INFO] ThirdParty:781 - entering critical section [change project]
2025-09-27 14:47:37,020 [INFO] ThirdParty:967 - CMSIS Pack Vendor :STMicroelectronics X-CUBE-PM33A1 1.0.0
2025-09-27 14:47:37,020 [INFO] ThirdParty:967 - CMSIS Pack Vendor :STMicroelectronics X-CUBE-NFC9 1.0.0
2025-09-27 14:47:37,020 [INFO] ThirdParty:967 - CMSIS Pack Vendor :STMicroelectronics USB_HOST 2.0.0
2025-09-27 14:47:37,020 [INFO] ThirdParty:967 - CMSIS Pack Vendor :STMicroelectronics X-CUBE-AZRTOS-F4 1.1.0
2025-09-27 14:47:37,020 [INFO] ThirdParty:967 - CMSIS Pack Vendor :STMicroelectronics FP-ATR-ASTRA1 2.0.2
2025-09-27 14:47:37,020 [INFO] ThirdParty:967 - CMSIS Pack Vendor :wolfSSL I-CUBE-wolfSSL 5.8.2
2025-09-27 14:47:37,020 [INFO] ThirdParty:967 - CMSIS Pack Vendor :STMicroelectronics X-CUBE-BLE1 7.1.0
2025-09-27 14:47:37,020 [INFO] ThirdParty:967 - CMSIS Pack Vendor :wolfSSL I-CUBE-wolfMQTT 1.19.2
2025-09-27 14:47:37,020 [INFO] ThirdParty:967 - CMSIS Pack Vendor :STMicroelectronics USB_DEVICE 3.0.0
2025-09-27 14:47:37,020 [INFO] ThirdParty:967 - CMSIS Pack Vendor :STMicroelectronics X-CUBE-ISPU 2.1.0
2025-09-27 14:47:37,020 [INFO] ThirdParty:967 - CMSIS Pack Vendor :STMicroelectronics X-CUBE-EEPRMA1 5.2.0
2025-09-27 14:47:37,020 [INFO] ThirdParty:967 - CMSIS Pack Vendor :STMicroelectronics X-CUBE-AZRTOS-WB 2.0.0
2025-09-27 14:47:37,020 [INFO] ThirdParty:967 - CMSIS Pack Vendor :STMicroelectronics X-CUBE-GNSS1 7.0.1
2025-09-27 14:47:37,020 [INFO] ThirdParty:967 - CMSIS Pack Vendor :STMicroelectronics X-CUBE-NFC12 1.0.0
2025-09-27 14:47:37,020 [INFO] ThirdParty:967 - CMSIS Pack Vendor :STMicroelectronics X-CUBE-AZRTOS-F7 1.1.0
2025-09-27 14:47:37,020 [INFO] ThirdParty:967 - CMSIS Pack Vendor :STMicroelectronics X-CUBE-AZRTOS-L5 2.0.0
2025-09-27 14:47:37,020 [INFO] ThirdParty:967 - CMSIS Pack Vendor :STMicroelectronics X-CUBE-TOUCHGFX 4.25.0
2025-09-27 14:47:37,020 [INFO] ThirdParty:967 - CMSIS Pack Vendor :STMicroelectronics USB_DEVICE 2.0.0
2025-09-27 14:47:37,020 [INFO] ThirdParty:967 - CMSIS Pack Vendor :STMicroelectronics X-CUBE-NFC6 3.1.0
2025-09-27 14:47:37,020 [INFO] ThirdParty:967 - CMSIS Pack Vendor :STMicroelectronics FreeRTOS 0.0.1
2025-09-27 14:47:37,020 [INFO] ThirdParty:967 - CMSIS Pack Vendor :STMicroelectronics X-CUBE-AZRTOS-G0 1.1.0
2025-09-27 14:47:37,020 [INFO] ThirdParty:967 - CMSIS Pack Vendor :STMicroelectronics X-CUBE-SAFEA1 1.2.2
2025-09-27 14:47:37,020 [INFO] ThirdParty:967 - CMSIS Pack Vendor :STMicroelectronics X-CUBE-NFC4 3.0.0
2025-09-27 14:47:37,020 [INFO] ThirdParty:967 - CMSIS Pack Vendor :STMicroelectronics X-CUBE-SUBG2 5.0.0
2025-09-27 14:47:37,020 [INFO] ThirdParty:967 - CMSIS Pack Vendor :STMicroelectronics X-CUBE-AZRTOS-H7RS 1.1.0
2025-09-27 14:47:37,020 [INFO] ThirdParty:967 - CMSIS Pack Vendor :STMicroelectronics lwIP 2.0.3
2025-09-27 14:47:37,020 [INFO] ThirdParty:967 - CMSIS Pack Vendor :STMicroelectronics USB_HOST 1.0.0
2025-09-27 14:47:37,020 [INFO] ThirdParty:967 - CMSIS Pack Vendor :STMicroelectronics X-CUBE-AZRTOS-G4 2.0.0
2025-09-27 14:47:37,020 [INFO] ThirdParty:967 - CMSIS Pack Vendor :STMicroelectronics X-CUBE-WB05N 2.0.0
2025-09-27 14:47:37,020 [INFO] ThirdParty:967 - CMSIS Pack Vendor :STMicroelectronics PDM2PCM 3.1.0
2025-09-27 14:47:37,020 [INFO] ThirdParty:967 - CMSIS Pack Vendor :STMicroelectronics PDM2PCM 3.3.0
2025-09-27 14:47:37,020 [INFO] ThirdParty:967 - CMSIS Pack Vendor :wolfSSL I-CUBE-wolfTPM 3.8.0
2025-09-27 14:47:37,020 [INFO] ThirdParty:967 - CMSIS Pack Vendor :STMicroelectronics X-CUBE-AZRTOS-H7 3.4.0
2025-09-27 14:47:37,020 [INFO] ThirdParty:967 - CMSIS Pack Vendor :wolfSSL I-CUBE-wolfSSH 1.4.20
2025-09-27 14:47:37,020 [INFO] ThirdParty:967 - CMSIS Pack Vendor :STMicroelectronics X-CUBE-NFC7 2.0.0
2025-09-27 14:47:37,020 [INFO] ThirdParty:967 - CMSIS Pack Vendor :STMicroelectronics FP-ATR-SIGFOX1 3.2.0
2025-09-27 14:47:37,020 [INFO] ThirdParty:967 - CMSIS Pack Vendor :STMicroelectronics X-CUBE-NFC10 1.0.0
2025-09-27 14:47:37,020 [INFO] ThirdParty:967 - CMSIS Pack Vendor :STMicroelectronics HAL Drivers 0.0.0
2025-09-27 14:47:37,020 [INFO] ThirdParty:967 - CMSIS Pack Vendor :STMicroelectronics MBEDTLS 2.16.2
2025-09-27 14:47:37,020 [INFO] ThirdParty:967 - CMSIS Pack Vendor :STMicroelectronics MBEDTLS 2.14.1
2025-09-27 14:47:37,020 [INFO] ThirdParty:967 - CMSIS Pack Vendor :STMicroelectronics X-CUBE-STSE01 1.0.0
2025-09-27 14:47:37,020 [INFO] ThirdParty:967 - CMSIS Pack Vendor :STMicroelectronics X-CUBE-AI 10.2.0
2025-09-27 14:47:37,020 [INFO] ThirdParty:967 - CMSIS Pack Vendor :STMicroelectronics X-CUBE-AZRTOS-WL 2.0.0
2025-09-27 14:47:37,020 [INFO] ThirdParty:967 - CMSIS Pack Vendor :SEGGER I-CUBE-embOS 1.3.1
2025-09-27 14:47:37,020 [INFO] ThirdParty:967 - CMSIS Pack Vendor :STMicroelectronics X-CUBE-ALGOBUILD 1.4.0
2025-09-27 14:47:37,020 [INFO] ThirdParty:967 - CMSIS Pack Vendor :STMicroelectronics X-CUBE-MEMS1 11.3.0
2025-09-27 14:47:37,020 [INFO] ThirdParty:967 - CMSIS Pack Vendor :STMicroelectronics USB_DEVICE 1.0.0
2025-09-27 14:47:37,020 [INFO] ThirdParty:967 - CMSIS Pack Vendor :STMicroelectronics X-CUBE-AZRTOS-L4 2.0.0
2025-09-27 14:47:37,020 [INFO] ThirdParty:967 - CMSIS Pack Vendor :STMicroelectronics ThreadX 0.0.2
2025-09-27 14:47:37,020 [INFO] ThirdParty:967 - CMSIS Pack Vendor :STMicroelectronics lwIP 2.1.2
2025-09-27 14:47:37,020 [INFO] ThirdParty:967 - CMSIS Pack Vendor :STMicroelectronics X-CUBE-SFXS2LP1 4.0.0
2025-09-27 14:47:37,020 [INFO] ThirdParty:967 - CMSIS Pack Vendor :STMicroelectronics X-CUBE-BLE2 3.3.0
2025-09-27 14:47:37,020 [INFO] ThirdParty:967 - CMSIS Pack Vendor :STMicroelectronics PDM2PCM 3.2.0
2025-09-27 14:47:37,020 [INFO] ThirdParty:787 - exiting critical section [change project]
2025-09-27 14:47:37,288 [INFO] PinOutPanel:1463 - setPackage(No Configuration,No Configuration)
2025-09-27 14:47:37,288 [INFO] PinOutPanel:1463 - setPackage(STM32F103C6Ux,UFQFPN48)
2025-09-27 14:47:37,810 [INFO] UtilMem:74 - Before build in PCC Used Memory: 885883152 Bytes (1073741824)
2025-09-27 14:47:38,776 [INFO] UtilMem:74 - After build in PCC Used Memory: 896081576 Bytes (1073741824)
2025-09-27 14:47:38,806 [INFO] IPUIPlugin:74 - create IPUIPlugin
2025-09-27 14:47:38,806 [INFO] IPUIPlugin:74 - create IPUIPlugin
2025-09-27 14:47:38,806 [INFO] IPUIPlugin:74 - create IPUIPlugin
2025-09-27 14:47:38,806 [INFO] IPUIPlugin:74 - create IPUIPlugin
2025-09-27 14:47:38,806 [INFO] IPUIPlugin:74 - create IPUIPlugin
2025-09-27 14:47:38,806 [INFO] IPUIPlugin:74 - create IPUIPlugin
2025-09-27 14:47:38,806 [INFO] IPUIPlugin:74 - create IPUIPlugin
2025-09-27 14:47:38,806 [INFO] IPUIPlugin:74 - create IPUIPlugin
2025-09-27 14:47:38,806 [INFO] IPUIPlugin:74 - create IPUIPlugin
2025-09-27 14:47:38,806 [INFO] IPUIPlugin:74 - create IPUIPlugin
2025-09-27 14:47:38,806 [INFO] IPUIPlugin:74 - create IPUIPlugin
2025-09-27 14:47:38,806 [INFO] IPUIPlugin:74 - create IPUIPlugin
2025-09-27 14:47:38,806 [INFO] IPUIPlugin:74 - create IPUIPlugin
2025-09-27 14:47:38,806 [INFO] IPUIPlugin:74 - create IPUIPlugin
2025-09-27 14:47:38,808 [INFO] IPUIPlugin:74 - create IPUIPlugin
2025-09-27 14:47:38,808 [INFO] IPUIPlugin:74 - create IPUIPlugin
2025-09-27 14:47:38,808 [INFO] IPUIPlugin:74 - create IPUIPlugin
2025-09-27 14:47:38,808 [INFO] IPUIPlugin:74 - create IPUIPlugin
2025-09-27 14:47:38,808 [INFO] IPUIPlugin:74 - create IPUIPlugin
2025-09-27 14:47:38,808 [INFO] IPUIPlugin:74 - create IPUIPlugin
2025-09-27 14:47:38,810 [INFO] IPUIPlugin:74 - create IPUIPlugin
2025-09-27 14:47:38,810 [INFO] IPUIPlugin:74 - create IPUIPlugin
2025-09-27 14:47:38,810 [INFO] IPUIPlugin:74 - create IPUIPlugin
2025-09-27 14:47:38,975 [INFO] OpenFileManager:333 - Restore cursor
2025-09-27 14:47:39,348 [INFO] UtilMem:74 - End SaveConfig() Used Memory: 899872616 Bytes (1073741824)
2025-09-27 14:47:39,404 [INFO] UtilMem:74 - End SaveConfig() Used Memory: 911929192 Bytes (1073741824)
2025-09-27 14:47:39,784 [INFO] BlockDiagram:2740 - set Specific Code input for plugin: NVIC
2025-09-27 14:47:39,784 [INFO] BlockDiagram:2740 - set Specific Code input for plugin: SYS
2025-09-27 14:47:39,784 [INFO] BlockDiagram:2740 - set Specific Code input for plugin: RCC
2025-09-27 14:47:39,786 [INFO] CodeGenerator:663 - code generatio: config db path: C:\ST\STM32CubeIDE_1.7.0\STM32CubeIDE\plugins\com.st.stm32cube.common.mx_6.3.0.202107141111\\db\
2025-09-27 14:47:40,164 [INFO] CodeEngine:239 - oldGeneratedFile, D:\ADUY\251\VXL_VDK\MCU_Lab1_251\LAB1\Lab1\MXTmpFiles\license.tmp_save
2025-09-27 14:47:40,594 [INFO] CodeEngine:257 - Generated code: D:\ADUY\251\VXL_VDK\MCU_Lab1_251\LAB1\Lab1\MXTmpFiles\license.tmp
2025-09-27 14:47:40,819 [INFO] CodeEngine:239 - oldGeneratedFile, D:\ADUY\251\VXL_VDK\MCU_Lab1_251\LAB1\Lab1\Core\Src\stm32f1xx_it.c_save
2025-09-27 14:47:40,997 [INFO] CodeEngine:257 - Generated code: D:\ADUY\251\VXL_VDK\MCU_Lab1_251\LAB1\Lab1\Core\Src\stm32f1xx_it.c
2025-09-27 14:47:41,018 [INFO] CodeEngine:239 - oldGeneratedFile, D:\ADUY\251\VXL_VDK\MCU_Lab1_251\LAB1\Lab1\Core\Inc\stm32f1xx_it.h_save
2025-09-27 14:47:41,127 [INFO] CodeEngine:257 - Generated code: D:\ADUY\251\VXL_VDK\MCU_Lab1_251\LAB1\Lab1\Core\Inc\stm32f1xx_it.h
2025-09-27 14:47:41,151 [INFO] CodeEngine:239 - oldGeneratedFile, D:\ADUY\251\VXL_VDK\MCU_Lab1_251\LAB1\Lab1\Core\Src\stm32f1xx_hal_msp.c_save
2025-09-27 14:47:41,290 [INFO] CodeEngine:257 - Generated code: D:\ADUY\251\VXL_VDK\MCU_Lab1_251\LAB1\Lab1\Core\Src\stm32f1xx_hal_msp.c
2025-09-27 14:47:41,306 [INFO] CodeEngine:239 - oldGeneratedFile, D:\ADUY\251\VXL_VDK\MCU_Lab1_251\LAB1\Lab1\MXTmpFiles\system.tmp_save
2025-09-27 14:47:41,388 [INFO] CodeEngine:257 - Generated code: D:\ADUY\251\VXL_VDK\MCU_Lab1_251\LAB1\Lab1\MXTmpFiles\system.tmp
2025-09-27 14:47:41,412 [INFO] CodeEngine:239 - oldGeneratedFile, D:\ADUY\251\VXL_VDK\MCU_Lab1_251\LAB1\Lab1\Core\Inc\stm32f1xx_hal_conf.h_save
2025-09-27 14:47:41,531 [INFO] CodeEngine:257 - Generated code: D:\ADUY\251\VXL_VDK\MCU_Lab1_251\LAB1\Lab1\Core\Inc\stm32f1xx_hal_conf.h
2025-09-27 14:47:41,594 [INFO] CodeEngine:239 - oldGeneratedFile, D:\ADUY\251\VXL_VDK\MCU_Lab1_251\LAB1\Lab1\Core\Inc\main.h_save
2025-09-27 14:47:41,710 [INFO] CodeEngine:257 - Generated code: D:\ADUY\251\VXL_VDK\MCU_Lab1_251\LAB1\Lab1\Core\Inc\main.h
2025-09-27 14:47:41,725 [INFO] CodeEngine:239 - oldGeneratedFile, D:\ADUY\251\VXL_VDK\MCU_Lab1_251\LAB1\Lab1\Core\Src\main.c_save
2025-09-27 14:47:41,896 [INFO] CodeEngine:257 - Generated code: D:\ADUY\251\VXL_VDK\MCU_Lab1_251\LAB1\Lab1\Core\Src\main.c
2025-09-27 14:47:42,966 [INFO] ProjectBuilder:2578 - Time for Copy HAL[1] : 125mS.
2025-09-27 14:47:42,975 [INFO] ProjectBuilder:3622 - Project Generator version: 3.14.1
2025-09-27 14:47:43,673 [INFO] ConfigFileManager:1271 - The Die is : DIE412
2025-09-27 14:47:43,711 [INFO] ApiDbMcu:468 - Load IP Config File for FATFS
2025-09-27 14:47:43,769 [INFO] ApiDbMcu:468 - Load IP Config File for FREERTOS
2025-09-27 14:47:43,819 [INFO] ApiDbMcu:468 - Load IP Config File for USB_DEVICE
2025-09-27 14:47:51,384 [INFO] ProjectBuilder:3789 - Time for Generating toolchain IDE Files: 8409mS.
2025-09-27 14:47:51,384 [INFO] ProjectBuilder:2457 - Time for Copy CMSIS : 0mS.
2025-09-27 14:47:51,384 [INFO] ProjectBuilder:2457 - Time for Copy CMSIS : 0mS.
2025-09-27 14:47:52,097 [INFO] McuFinderGlobals:52 - Set McuFinderConnectedMode to true
2025-09-27 14:47:52,099 [INFO] ApiDb:276 - Save user favorites file C:\Users\ANH DUY/.stm32cubeide/favorites.mcus.txt: 0 item(s)
2025-09-27 14:47:52,099 [INFO] ApiDb:280 - User favorites MCUs=[]
2025-09-27 14:49:12,542 [INFO] MainUpdater:2671 - connection check result : 10
2025-09-27 14:49:12,551 [INFO] MainUpdater:2671 - connection check result : 10
2025-09-27 14:49:12,646 [INFO] MicroXplorer:448 - Change Database Path : 
2025-09-27 14:49:12,646 [INFO] MicroXplorer:478 - Change Database Version : DB.6.0.30
2025-09-27 14:49:12,646 [WARN] ThirdParty:813 - waiting for thirdparty lock release [close project]
2025-09-27 14:49:12,646 [INFO] ThirdParty:815 - entering critical section [close project]
2025-09-27 14:49:12,646 [INFO] ThirdParty:825 - exiting critical section [close project]
2025-09-27 14:49:12,646 [INFO] PinOutPanel:1463 - setPackage(No Configuration,No Configuration)
2025-09-27 14:49:12,662 [INFO] UtilMem:74 - Begin LoadConfig() Used Memory: 937917936 Bytes (1073741824)
2025-09-27 14:49:12,662 [INFO] MicroXplorer:448 - Change Database Path : 
2025-09-27 14:49:12,662 [INFO] MicroXplorer:478 - Change Database Version : DB.6.0.30
2025-09-27 14:49:12,662 [INFO] OpenFileManager:313 - Change cursor
2025-09-27 14:49:12,677 [INFO] RulesReader:57 - Compatibility file has been processed (242 Rules)
2025-09-27 14:49:13,372 [INFO] Context:592 - Trying to add GPIOservice into a context  which must be forbidden
2025-09-27 14:49:13,524 [WARN] ApiManager:304 - Cannot register API 'Board Extension:PM33A1' from pack STMicroelectronics.X-CUBE-PM33A1.1.0.0: no header file found
2025-09-27 14:49:13,524 [WARN] ApiManager:304 - Cannot register API 'Board Extension:NFC09A1' from pack STMicroelectronics.X-CUBE-NFC9.1.0.0: no header file found
2025-09-27 14:49:13,529 [WARN] ApiManager:304 - Cannot register API 'Wireless:BlueNRG-MS' from pack STMicroelectronics.X-CUBE-BLE1.7.1.0: no header file found
2025-09-27 14:49:13,529 [WARN] ApiManager:304 - Cannot register API 'Board Extension:EEPRMA2' from pack STMicroelectronics.X-CUBE-EEPRMA1.5.2.0: no header file found
2025-09-27 14:49:13,532 [WARN] ApiManager:304 - Cannot register API 'Board Extension:PGEEZ1' from pack STMicroelectronics.X-CUBE-EEPRMA1.5.2.0: no header file found
2025-09-27 14:49:13,532 [WARN] ApiManager:304 - Cannot register API 'Board Extension:EEICA1' from pack STMicroelectronics.X-CUBE-EEPRMA1.5.2.0: no header file found
2025-09-27 14:49:13,532 [WARN] ApiManager:304 - Cannot register API 'Board Part:M24' from pack STMicroelectronics.X-CUBE-EEPRMA1.5.2.0: no header file found
2025-09-27 14:49:13,532 [WARN] ApiManager:304 - Cannot register API 'Board Part:M95' from pack STMicroelectronics.X-CUBE-EEPRMA1.5.2.0: no header file found
2025-09-27 14:49:13,532 [WARN] ApiManager:304 - Cannot register API 'Board Part:M95P32' from pack STMicroelectronics.X-CUBE-EEPRMA1.5.2.0: no header file found
2025-09-27 14:49:13,532 [WARN] ApiManager:304 - Cannot register API 'Board Part:M24256E-F' from pack STMicroelectronics.X-CUBE-EEPRMA1.5.2.0: no header file found
2025-09-27 14:49:13,532 [WARN] ApiManager:304 - Cannot register API 'Board Part:M24M01E-F' from pack STMicroelectronics.X-CUBE-EEPRMA1.5.2.0: no header file found
2025-09-27 14:49:13,532 [WARN] ApiManager:304 - Cannot register API 'PGEEZ1:SPI' from pack STMicroelectronics.X-CUBE-EEPRMA1.5.2.0: no header file found
2025-09-27 14:49:13,532 [WARN] ApiManager:304 - Cannot register API 'PGEEZ1:QDSPI' from pack STMicroelectronics.X-CUBE-EEPRMA1.5.2.0: no header file found
2025-09-27 14:49:13,532 [WARN] ApiManager:304 - Cannot register API 'Board Extension:GNSS1A1' from pack STMicroelectronics.X-CUBE-GNSS1.7.0.1: no header file found
2025-09-27 14:49:13,532 [WARN] ApiManager:304 - Cannot register API 'Board Support:Custom' from pack STMicroelectronics.X-CUBE-GNSS1.7.0.1: no header file found
2025-09-27 14:49:13,532 [WARN] ApiManager:304 - Cannot register API 'Data Exchange:lib_gnss' from pack STMicroelectronics.X-CUBE-GNSS1.7.0.1: no header file found
2025-09-27 14:49:13,532 [WARN] ApiManager:304 - Cannot register API 'Board Extension:NFC12A1' from pack STMicroelectronics.X-CUBE-NFC12.1.0.0: no header file found
2025-09-27 14:49:13,545 [WARN] ApiManager:304 - Cannot register API 'Board Extension:NFC06A1' from pack STMicroelectronics.X-CUBE-NFC6.3.1.0: no header file found
2025-09-27 14:49:13,545 [WARN] ApiManager:304 - Cannot register API 'Board Extension:NFC08A1' from pack STMicroelectronics.X-CUBE-NFC6.3.1.0: no header file found
2025-09-27 14:49:13,549 [INFO] RtosManager:484 - Registered RTOS mode: class=CMSIS, group=RTOS, mode=CMSIS_V1, owner=FREERTOS
2025-09-27 14:49:13,549 [INFO] RtosManager:484 - Registered RTOS mode: class=CMSIS, group=RTOS2, mode=CMSIS_V2, owner=FREERTOS
2025-09-27 14:49:13,549 [INFO] RtosManager:484 - Registered RTOS mode: class=RTOS, group=Core, mode=CMSIS_V1, owner=FREERTOS
2025-09-27 14:49:13,549 [INFO] RtosManager:484 - Registered RTOS mode: class=RTOS, group=Core, mode=CMSIS_V2, owner=FREERTOS
2025-09-27 14:49:13,549 [WARN] ModelIntegratedComponent:181 - Missing modes for component STMicroelectronics:FreeRTOS:0.0.1:STMicroelectronics:RTOS:FreeRTOS:Core:::10.2.0:
2025-09-27 14:49:13,551 [WARN] ApiManager:304 - Cannot register API 'Board Extension:STSAFEA1' from pack STMicroelectronics.X-CUBE-SAFEA1.1.2.2: no header file found
2025-09-27 14:49:13,551 [WARN] ApiManager:304 - Cannot register API 'Board Part:STSAFEA110' from pack STMicroelectronics.X-CUBE-SAFEA1.1.2.2: no header file found
2025-09-27 14:49:13,551 [WARN] ApiManager:304 - Cannot register API 'Security:ST_Cryptolib' from pack STMicroelectronics.X-CUBE-SAFEA1.1.2.2: no header file found
2025-09-27 14:49:13,551 [WARN] ApiManager:304 - Cannot register API 'Security:MbedTLS' from pack STMicroelectronics.X-CUBE-SAFEA1.1.2.2: no header file found
2025-09-27 14:49:13,552 [WARN] ApiManager:304 - Cannot register API 'Board Extension:NFC04A1' from pack STMicroelectronics.X-CUBE-NFC4.3.0.0: no header file found
2025-09-27 14:49:13,554 [WARN] ApiManager:304 - Cannot register API 'Board Extension:S2868A1' from pack STMicroelectronics.X-CUBE-SUBG2.5.0.0: no header file found
2025-09-27 14:49:13,556 [WARN] ApiManager:304 - Cannot register API 'Board Extension:S2868A2' from pack STMicroelectronics.X-CUBE-SUBG2.5.0.0: no header file found
2025-09-27 14:49:13,556 [WARN] ApiManager:304 - Cannot register API 'Board Extension:S2915A1' from pack STMicroelectronics.X-CUBE-SUBG2.5.0.0: no header file found
2025-09-27 14:49:13,560 [WARN] ApiManager:304 - Cannot register API 'Wireless:STM32WB05N' from pack STMicroelectronics.X-CUBE-WB05N.2.0.0: no header file found
2025-09-27 14:49:13,564 [WARN] ApiManager:304 - Cannot register API 'Board Extension:NFC07A1' from pack STMicroelectronics.X-CUBE-NFC7.2.0.0: no header file found
2025-09-27 14:49:13,566 [WARN] ApiManager:304 - Cannot register API 'Board Extension:NFC10A1' from pack STMicroelectronics.X-CUBE-NFC10.1.0.0: no header file found
2025-09-27 14:49:13,566 [WARN] ModelIntegratedComponent:60 - No mode defined for component null
2025-09-27 14:49:13,566 [WARN] ModelIntegratedComponent:60 - No mode defined for component null
2025-09-27 14:49:13,566 [WARN] ModelIntegratedComponent:60 - No mode defined for component null
2025-09-27 14:49:13,566 [WARN] ModelIntegratedComponent:60 - No mode defined for component null
2025-09-27 14:49:13,566 [WARN] ModelIntegratedComponent:60 - No mode defined for component null
2025-09-27 14:49:13,566 [WARN] ModelIntegratedComponent:60 - No mode defined for component null
2025-09-27 14:49:13,566 [WARN] ModelIntegratedComponent:60 - No mode defined for component null
2025-09-27 14:49:13,566 [WARN] ModelIntegratedComponent:60 - No mode defined for component null
2025-09-27 14:49:13,566 [WARN] ModelIntegratedComponent:60 - No mode defined for component null
2025-09-27 14:49:13,566 [WARN] ModelIntegratedComponent:60 - No mode defined for component null
2025-09-27 14:49:13,566 [WARN] ModelIntegratedComponent:60 - No mode defined for component null
2025-09-27 14:49:13,566 [WARN] ModelIntegratedComponent:60 - No mode defined for component null
2025-09-27 14:49:13,566 [WARN] ModelIntegratedComponent:60 - No mode defined for component null
2025-09-27 14:49:13,566 [WARN] ModelIntegratedComponent:60 - No mode defined for component null
2025-09-27 14:49:13,566 [WARN] ModelIntegratedComponent:60 - No mode defined for component null
2025-09-27 14:49:13,566 [WARN] ModelIntegratedComponent:60 - No mode defined for component null
2025-09-27 14:49:13,566 [WARN] ModelIntegratedComponent:60 - No mode defined for component null
2025-09-27 14:49:13,566 [WARN] ModelIntegratedComponent:60 - No mode defined for component null
2025-09-27 14:49:13,566 [WARN] ModelIntegratedComponent:60 - No mode defined for component null
2025-09-27 14:49:13,566 [WARN] ModelIntegratedComponent:60 - No mode defined for component null
2025-09-27 14:49:13,566 [WARN] ModelIntegratedComponent:60 - No mode defined for component null
2025-09-27 14:49:13,566 [WARN] ModelIntegratedComponent:60 - No mode defined for component null
2025-09-27 14:49:13,566 [WARN] ModelIntegratedComponent:60 - No mode defined for component null
2025-09-27 14:49:13,566 [WARN] ModelIntegratedComponent:60 - No mode defined for component null
2025-09-27 14:49:13,568 [WARN] ModelIntegratedComponent:60 - No mode defined for component null
2025-09-27 14:49:13,568 [WARN] ModelIntegratedComponent:60 - No mode defined for component null
2025-09-27 14:49:13,568 [WARN] ModelIntegratedComponent:60 - No mode defined for component null
2025-09-27 14:49:13,568 [WARN] ModelIntegratedComponent:60 - No mode defined for component null
2025-09-27 14:49:13,568 [WARN] ModelIntegratedComponent:60 - No mode defined for component null
2025-09-27 14:49:13,568 [WARN] ModelIntegratedComponent:60 - No mode defined for component null
2025-09-27 14:49:13,568 [WARN] ModelIntegratedComponent:60 - No mode defined for component null
2025-09-27 14:49:13,568 [WARN] ApiManager:304 - Cannot register API 'Board Extension:SAFEA1' from pack STMicroelectronics.X-CUBE-STSE01.1.0.0: no header file found
2025-09-27 14:49:13,568 [WARN] ApiManager:304 - Cannot register API 'Board Extension:ESE01A1' from pack STMicroelectronics.X-CUBE-STSE01.1.0.0: no header file found
2025-09-27 14:49:13,568 [WARN] ApiManager:304 - Cannot register API 'Board Part:STSAFEA110' from pack STMicroelectronics.X-CUBE-STSE01.1.0.0: no header file found
2025-09-27 14:49:13,568 [WARN] ApiManager:304 - Cannot register API 'Board Part:STSAFEA120' from pack STMicroelectronics.X-CUBE-STSE01.1.0.0: no header file found
2025-09-27 14:49:13,568 [WARN] ApiManager:304 - Cannot register API 'Security:STM32_Cryptographic' from pack STMicroelectronics.X-CUBE-STSE01.1.0.0: no header file found
2025-09-27 14:49:13,568 [WARN] ApiManager:304 - Cannot register API 'Security:STSELib' from pack STMicroelectronics.X-CUBE-STSE01.1.0.0: no header file found
2025-09-27 14:49:13,908 [WARN] ApiManager:304 - Cannot register API 'Board Extension:IKS01A3' from pack STMicroelectronics.X-CUBE-MEMS1.11.3.0: no header file found
2025-09-27 14:49:13,908 [WARN] ApiManager:304 - Cannot register API 'Board Extension:IKS02A1' from pack STMicroelectronics.X-CUBE-MEMS1.11.3.0: no header file found
2025-09-27 14:49:13,908 [WARN] ApiManager:304 - Cannot register API 'Board Extension:IKS4A1' from pack STMicroelectronics.X-CUBE-MEMS1.11.3.0: no header file found
2025-09-27 14:49:13,921 [WARN] ApiManager:304 - Cannot register API 'Board Extension:S2868A1' from pack STMicroelectronics.X-CUBE-SFXS2LP1.4.0.0: no header file found
2025-09-27 14:49:13,921 [WARN] ApiManager:304 - Cannot register API 'Board Extension:S2868A2' from pack STMicroelectronics.X-CUBE-SFXS2LP1.4.0.0: no header file found
2025-09-27 14:49:13,921 [WARN] ApiManager:304 - Cannot register API 'Board Extension:S2915A1' from pack STMicroelectronics.X-CUBE-SFXS2LP1.4.0.0: no header file found
2025-09-27 14:49:13,921 [WARN] ApiManager:304 - Cannot register API 'Wireless:BlueNRG-2' from pack STMicroelectronics.X-CUBE-BLE2.3.3.0: no header file found
2025-09-27 14:49:16,328 [INFO] UtilMem:74 - End LoadConfig() Used Memory: 970426176 Bytes (1073741824)
2025-09-27 14:49:16,333 [WARN] ThirdParty:779 - waiting for thirdparty lock release [change project]
2025-09-27 14:49:16,333 [INFO] ThirdParty:781 - entering critical section [change project]
2025-09-27 14:49:16,333 [INFO] ThirdParty:967 - CMSIS Pack Vendor :STMicroelectronics X-CUBE-PM33A1 1.0.0
2025-09-27 14:49:16,333 [INFO] ThirdParty:967 - CMSIS Pack Vendor :STMicroelectronics X-CUBE-NFC9 1.0.0
2025-09-27 14:49:16,333 [INFO] ThirdParty:967 - CMSIS Pack Vendor :STMicroelectronics USB_HOST 2.0.0
2025-09-27 14:49:16,333 [INFO] ThirdParty:967 - CMSIS Pack Vendor :STMicroelectronics X-CUBE-AZRTOS-F4 1.1.0
2025-09-27 14:49:16,333 [INFO] ThirdParty:967 - CMSIS Pack Vendor :STMicroelectronics FP-ATR-ASTRA1 2.0.2
2025-09-27 14:49:16,333 [INFO] ThirdParty:967 - CMSIS Pack Vendor :wolfSSL I-CUBE-wolfSSL 5.8.2
2025-09-27 14:49:16,333 [INFO] ThirdParty:967 - CMSIS Pack Vendor :STMicroelectronics X-CUBE-BLE1 7.1.0
2025-09-27 14:49:16,333 [INFO] ThirdParty:967 - CMSIS Pack Vendor :wolfSSL I-CUBE-wolfMQTT 1.19.2
2025-09-27 14:49:16,333 [INFO] ThirdParty:967 - CMSIS Pack Vendor :STMicroelectronics USB_DEVICE 3.0.0
2025-09-27 14:49:16,333 [INFO] ThirdParty:967 - CMSIS Pack Vendor :STMicroelectronics X-CUBE-ISPU 2.1.0
2025-09-27 14:49:16,333 [INFO] ThirdParty:967 - CMSIS Pack Vendor :STMicroelectronics X-CUBE-EEPRMA1 5.2.0
2025-09-27 14:49:16,333 [INFO] ThirdParty:967 - CMSIS Pack Vendor :STMicroelectronics X-CUBE-AZRTOS-WB 2.0.0
2025-09-27 14:49:16,333 [INFO] ThirdParty:967 - CMSIS Pack Vendor :STMicroelectronics X-CUBE-GNSS1 7.0.1
2025-09-27 14:49:16,333 [INFO] ThirdParty:967 - CMSIS Pack Vendor :STMicroelectronics X-CUBE-NFC12 1.0.0
2025-09-27 14:49:16,333 [INFO] ThirdParty:967 - CMSIS Pack Vendor :STMicroelectronics X-CUBE-AZRTOS-F7 1.1.0
2025-09-27 14:49:16,333 [INFO] ThirdParty:967 - CMSIS Pack Vendor :STMicroelectronics X-CUBE-AZRTOS-L5 2.0.0
2025-09-27 14:49:16,333 [INFO] ThirdParty:967 - CMSIS Pack Vendor :STMicroelectronics X-CUBE-TOUCHGFX 4.25.0
2025-09-27 14:49:16,333 [INFO] ThirdParty:967 - CMSIS Pack Vendor :STMicroelectronics USB_DEVICE 2.0.0
2025-09-27 14:49:16,333 [INFO] ThirdParty:967 - CMSIS Pack Vendor :STMicroelectronics X-CUBE-NFC6 3.1.0
2025-09-27 14:49:16,333 [INFO] ThirdParty:967 - CMSIS Pack Vendor :STMicroelectronics FreeRTOS 0.0.1
2025-09-27 14:49:16,333 [INFO] ThirdParty:967 - CMSIS Pack Vendor :STMicroelectronics X-CUBE-AZRTOS-G0 1.1.0
2025-09-27 14:49:16,333 [INFO] ThirdParty:967 - CMSIS Pack Vendor :STMicroelectronics X-CUBE-SAFEA1 1.2.2
2025-09-27 14:49:16,333 [INFO] ThirdParty:967 - CMSIS Pack Vendor :STMicroelectronics X-CUBE-NFC4 3.0.0
2025-09-27 14:49:16,333 [INFO] ThirdParty:967 - CMSIS Pack Vendor :STMicroelectronics X-CUBE-SUBG2 5.0.0
2025-09-27 14:49:16,333 [INFO] ThirdParty:967 - CMSIS Pack Vendor :STMicroelectronics X-CUBE-AZRTOS-H7RS 1.1.0
2025-09-27 14:49:16,333 [INFO] ThirdParty:967 - CMSIS Pack Vendor :STMicroelectronics lwIP 2.0.3
2025-09-27 14:49:16,333 [INFO] ThirdParty:967 - CMSIS Pack Vendor :STMicroelectronics USB_HOST 1.0.0
2025-09-27 14:49:16,333 [INFO] ThirdParty:967 - CMSIS Pack Vendor :STMicroelectronics X-CUBE-AZRTOS-G4 2.0.0
2025-09-27 14:49:16,333 [INFO] ThirdParty:967 - CMSIS Pack Vendor :STMicroelectronics X-CUBE-WB05N 2.0.0
2025-09-27 14:49:16,333 [INFO] ThirdParty:967 - CMSIS Pack Vendor :STMicroelectronics PDM2PCM 3.1.0
2025-09-27 14:49:16,333 [INFO] ThirdParty:967 - CMSIS Pack Vendor :STMicroelectronics PDM2PCM 3.3.0
2025-09-27 14:49:16,333 [INFO] ThirdParty:967 - CMSIS Pack Vendor :wolfSSL I-CUBE-wolfTPM 3.8.0
2025-09-27 14:49:16,333 [INFO] ThirdParty:967 - CMSIS Pack Vendor :STMicroelectronics X-CUBE-AZRTOS-H7 3.4.0
2025-09-27 14:49:16,333 [INFO] ThirdParty:967 - CMSIS Pack Vendor :wolfSSL I-CUBE-wolfSSH 1.4.20
2025-09-27 14:49:16,333 [INFO] ThirdParty:967 - CMSIS Pack Vendor :STMicroelectronics X-CUBE-NFC7 2.0.0
2025-09-27 14:49:16,333 [INFO] ThirdParty:967 - CMSIS Pack Vendor :STMicroelectronics FP-ATR-SIGFOX1 3.2.0
2025-09-27 14:49:16,333 [INFO] ThirdParty:967 - CMSIS Pack Vendor :STMicroelectronics X-CUBE-NFC10 1.0.0
2025-09-27 14:49:16,333 [INFO] ThirdParty:967 - CMSIS Pack Vendor :STMicroelectronics HAL Drivers 0.0.0
2025-09-27 14:49:16,333 [INFO] ThirdParty:967 - CMSIS Pack Vendor :STMicroelectronics MBEDTLS 2.16.2
2025-09-27 14:49:16,333 [INFO] ThirdParty:967 - CMSIS Pack Vendor :STMicroelectronics MBEDTLS 2.14.1
2025-09-27 14:49:16,333 [INFO] ThirdParty:967 - CMSIS Pack Vendor :STMicroelectronics X-CUBE-STSE01 1.0.0
2025-09-27 14:49:16,333 [INFO] ThirdParty:967 - CMSIS Pack Vendor :STMicroelectronics X-CUBE-AI 10.2.0
2025-09-27 14:49:16,333 [INFO] ThirdParty:967 - CMSIS Pack Vendor :STMicroelectronics X-CUBE-AZRTOS-WL 2.0.0
2025-09-27 14:49:16,333 [INFO] ThirdParty:967 - CMSIS Pack Vendor :SEGGER I-CUBE-embOS 1.3.1
2025-09-27 14:49:16,333 [INFO] ThirdParty:967 - CMSIS Pack Vendor :STMicroelectronics X-CUBE-ALGOBUILD 1.4.0
2025-09-27 14:49:16,333 [INFO] ThirdParty:967 - CMSIS Pack Vendor :STMicroelectronics X-CUBE-MEMS1 11.3.0
2025-09-27 14:49:16,333 [INFO] ThirdParty:967 - CMSIS Pack Vendor :STMicroelectronics USB_DEVICE 1.0.0
2025-09-27 14:49:16,333 [INFO] ThirdParty:967 - CMSIS Pack Vendor :STMicroelectronics X-CUBE-AZRTOS-L4 2.0.0
2025-09-27 14:49:16,333 [INFO] ThirdParty:967 - CMSIS Pack Vendor :STMicroelectronics ThreadX 0.0.2
2025-09-27 14:49:16,333 [INFO] ThirdParty:967 - CMSIS Pack Vendor :STMicroelectronics lwIP 2.1.2
2025-09-27 14:49:16,333 [INFO] ThirdParty:967 - CMSIS Pack Vendor :STMicroelectronics X-CUBE-SFXS2LP1 4.0.0
2025-09-27 14:49:16,333 [INFO] ThirdParty:967 - CMSIS Pack Vendor :STMicroelectronics X-CUBE-BLE2 3.3.0
2025-09-27 14:49:16,333 [INFO] ThirdParty:967 - CMSIS Pack Vendor :STMicroelectronics PDM2PCM 3.2.0
2025-09-27 14:49:16,333 [INFO] ThirdParty:787 - exiting critical section [change project]
2025-09-27 14:49:16,460 [INFO] PinOutPanel:1463 - setPackage(No Configuration,No Configuration)
2025-09-27 14:49:16,460 [INFO] PinOutPanel:1463 - setPackage(STM32F103C6Ux,UFQFPN48)
2025-09-27 14:49:16,756 [INFO] UtilMem:74 - Before build in PCC Used Memory: 961477208 Bytes (1073741824)
2025-09-27 14:49:17,015 [INFO] UtilMem:74 - After build in PCC Used Memory: 984067728 Bytes (1073741824)
2025-09-27 14:49:17,044 [INFO] IPUIPlugin:74 - create IPUIPlugin
2025-09-27 14:49:17,044 [INFO] IPUIPlugin:74 - create IPUIPlugin
2025-09-27 14:49:17,044 [INFO] IPUIPlugin:74 - create IPUIPlugin
2025-09-27 14:49:17,044 [INFO] IPUIPlugin:74 - create IPUIPlugin
2025-09-27 14:49:17,044 [INFO] IPUIPlugin:74 - create IPUIPlugin
2025-09-27 14:49:17,044 [INFO] IPUIPlugin:74 - create IPUIPlugin
2025-09-27 14:49:17,044 [INFO] IPUIPlugin:74 - create IPUIPlugin
2025-09-27 14:49:17,044 [INFO] IPUIPlugin:74 - create IPUIPlugin
2025-09-27 14:49:17,044 [INFO] IPUIPlugin:74 - create IPUIPlugin
2025-09-27 14:49:17,044 [INFO] IPUIPlugin:74 - create IPUIPlugin
2025-09-27 14:49:17,044 [INFO] IPUIPlugin:74 - create IPUIPlugin
2025-09-27 14:49:17,044 [INFO] IPUIPlugin:74 - create IPUIPlugin
2025-09-27 14:49:17,044 [INFO] IPUIPlugin:74 - create IPUIPlugin
2025-09-27 14:49:17,044 [INFO] IPUIPlugin:74 - create IPUIPlugin
2025-09-27 14:49:17,044 [INFO] IPUIPlugin:74 - create IPUIPlugin
2025-09-27 14:49:17,044 [INFO] IPUIPlugin:74 - create IPUIPlugin
2025-09-27 14:49:17,044 [INFO] IPUIPlugin:74 - create IPUIPlugin
2025-09-27 14:49:17,044 [INFO] IPUIPlugin:74 - create IPUIPlugin
2025-09-27 14:49:17,044 [INFO] IPUIPlugin:74 - create IPUIPlugin
2025-09-27 14:49:17,044 [INFO] IPUIPlugin:74 - create IPUIPlugin
2025-09-27 14:49:17,044 [INFO] IPUIPlugin:74 - create IPUIPlugin
2025-09-27 14:49:17,044 [INFO] IPUIPlugin:74 - create IPUIPlugin
2025-09-27 14:49:17,044 [INFO] IPUIPlugin:74 - create IPUIPlugin
2025-09-27 14:49:17,063 [INFO] OpenFileManager:333 - Restore cursor
2025-09-27 14:51:04,030 [INFO] MainUpdater:2671 - connection check result : 10
2025-09-27 14:51:04,032 [INFO] MainUpdater:2671 - connection check result : 10
2025-09-27 14:51:04,146 [INFO] MicroXplorer:448 - Change Database Path : 
2025-09-27 14:51:04,146 [INFO] MicroXplorer:478 - Change Database Version : DB.6.0.30
2025-09-27 14:51:04,146 [WARN] ThirdParty:813 - waiting for thirdparty lock release [close project]
2025-09-27 14:51:04,146 [INFO] ThirdParty:815 - entering critical section [close project]
2025-09-27 14:51:04,146 [INFO] ThirdParty:825 - exiting critical section [close project]
2025-09-27 14:51:04,146 [INFO] PinOutPanel:1463 - setPackage(No Configuration,No Configuration)
2025-09-27 14:51:04,162 [INFO] UtilMem:74 - Begin LoadConfig() Used Memory: 965499880 Bytes (1073741824)
2025-09-27 14:51:04,162 [INFO] MicroXplorer:448 - Change Database Path : 
2025-09-27 14:51:04,162 [INFO] MicroXplorer:478 - Change Database Version : DB.6.0.30
2025-09-27 14:51:04,162 [INFO] OpenFileManager:313 - Change cursor
2025-09-27 14:51:04,921 [INFO] Context:592 - Trying to add GPIOservice into a context  which must be forbidden
2025-09-27 14:51:05,064 [WARN] ApiManager:304 - Cannot register API 'Board Extension:PM33A1' from pack STMicroelectronics.X-CUBE-PM33A1.1.0.0: no header file found
2025-09-27 14:51:05,064 [WARN] ApiManager:304 - Cannot register API 'Board Extension:NFC09A1' from pack STMicroelectronics.X-CUBE-NFC9.1.0.0: no header file found
2025-09-27 14:51:05,077 [WARN] ApiManager:304 - Cannot register API 'Wireless:BlueNRG-MS' from pack STMicroelectronics.X-CUBE-BLE1.7.1.0: no header file found
2025-09-27 14:51:05,077 [WARN] ApiManager:304 - Cannot register API 'Board Extension:EEPRMA2' from pack STMicroelectronics.X-CUBE-EEPRMA1.5.2.0: no header file found
2025-09-27 14:51:05,080 [WARN] ApiManager:304 - Cannot register API 'Board Extension:PGEEZ1' from pack STMicroelectronics.X-CUBE-EEPRMA1.5.2.0: no header file found
2025-09-27 14:51:05,080 [WARN] ApiManager:304 - Cannot register API 'Board Extension:EEICA1' from pack STMicroelectronics.X-CUBE-EEPRMA1.5.2.0: no header file found
2025-09-27 14:51:05,080 [WARN] ApiManager:304 - Cannot register API 'Board Part:M24' from pack STMicroelectronics.X-CUBE-EEPRMA1.5.2.0: no header file found
2025-09-27 14:51:05,080 [WARN] ApiManager:304 - Cannot register API 'Board Part:M95' from pack STMicroelectronics.X-CUBE-EEPRMA1.5.2.0: no header file found
2025-09-27 14:51:05,080 [WARN] ApiManager:304 - Cannot register API 'Board Part:M95P32' from pack STMicroelectronics.X-CUBE-EEPRMA1.5.2.0: no header file found
2025-09-27 14:51:05,080 [WARN] ApiManager:304 - Cannot register API 'Board Part:M24256E-F' from pack STMicroelectronics.X-CUBE-EEPRMA1.5.2.0: no header file found
2025-09-27 14:51:05,080 [WARN] ApiManager:304 - Cannot register API 'Board Part:M24M01E-F' from pack STMicroelectronics.X-CUBE-EEPRMA1.5.2.0: no header file found
2025-09-27 14:51:05,081 [WARN] ApiManager:304 - Cannot register API 'PGEEZ1:SPI' from pack STMicroelectronics.X-CUBE-EEPRMA1.5.2.0: no header file found
2025-09-27 14:51:05,081 [WARN] ApiManager:304 - Cannot register API 'PGEEZ1:QDSPI' from pack STMicroelectronics.X-CUBE-EEPRMA1.5.2.0: no header file found
2025-09-27 14:51:05,081 [WARN] ApiManager:304 - Cannot register API 'Board Extension:GNSS1A1' from pack STMicroelectronics.X-CUBE-GNSS1.7.0.1: no header file found
2025-09-27 14:51:05,081 [WARN] ApiManager:304 - Cannot register API 'Board Support:Custom' from pack STMicroelectronics.X-CUBE-GNSS1.7.0.1: no header file found
2025-09-27 14:51:05,081 [WARN] ApiManager:304 - Cannot register API 'Data Exchange:lib_gnss' from pack STMicroelectronics.X-CUBE-GNSS1.7.0.1: no header file found
2025-09-27 14:51:05,081 [WARN] ApiManager:304 - Cannot register API 'Board Extension:NFC12A1' from pack STMicroelectronics.X-CUBE-NFC12.1.0.0: no header file found
2025-09-27 14:51:05,081 [WARN] ApiManager:304 - Cannot register API 'Board Extension:NFC06A1' from pack STMicroelectronics.X-CUBE-NFC6.3.1.0: no header file found
2025-09-27 14:51:05,081 [WARN] ApiManager:304 - Cannot register API 'Board Extension:NFC08A1' from pack STMicroelectronics.X-CUBE-NFC6.3.1.0: no header file found
2025-09-27 14:51:05,081 [INFO] RtosManager:484 - Registered RTOS mode: class=CMSIS, group=RTOS, mode=CMSIS_V1, owner=FREERTOS
2025-09-27 14:51:05,081 [INFO] RtosManager:484 - Registered RTOS mode: class=CMSIS, group=RTOS2, mode=CMSIS_V2, owner=FREERTOS
2025-09-27 14:51:05,081 [INFO] RtosManager:484 - Registered RTOS mode: class=RTOS, group=Core, mode=CMSIS_V1, owner=FREERTOS
2025-09-27 14:51:05,081 [INFO] RtosManager:484 - Registered RTOS mode: class=RTOS, group=Core, mode=CMSIS_V2, owner=FREERTOS
2025-09-27 14:51:05,081 [WARN] ModelIntegratedComponent:181 - Missing modes for component STMicroelectronics:FreeRTOS:0.0.1:STMicroelectronics:RTOS:FreeRTOS:Core:::10.2.0:
2025-09-27 14:51:05,081 [WARN] ApiManager:304 - Cannot register API 'Board Extension:STSAFEA1' from pack STMicroelectronics.X-CUBE-SAFEA1.1.2.2: no header file found
2025-09-27 14:51:05,081 [WARN] ApiManager:304 - Cannot register API 'Board Part:STSAFEA110' from pack STMicroelectronics.X-CUBE-SAFEA1.1.2.2: no header file found
2025-09-27 14:51:05,081 [WARN] ApiManager:304 - Cannot register API 'Security:ST_Cryptolib' from pack STMicroelectronics.X-CUBE-SAFEA1.1.2.2: no header file found
2025-09-27 14:51:05,081 [WARN] ApiManager:304 - Cannot register API 'Security:MbedTLS' from pack STMicroelectronics.X-CUBE-SAFEA1.1.2.2: no header file found
2025-09-27 14:51:05,081 [WARN] ApiManager:304 - Cannot register API 'Board Extension:NFC04A1' from pack STMicroelectronics.X-CUBE-NFC4.3.0.0: no header file found
2025-09-27 14:51:05,096 [WARN] ApiManager:304 - Cannot register API 'Board Extension:S2868A1' from pack STMicroelectronics.X-CUBE-SUBG2.5.0.0: no header file found
2025-09-27 14:51:05,096 [WARN] ApiManager:304 - Cannot register API 'Board Extension:S2868A2' from pack STMicroelectronics.X-CUBE-SUBG2.5.0.0: no header file found
2025-09-27 14:51:05,096 [WARN] ApiManager:304 - Cannot register API 'Board Extension:S2915A1' from pack STMicroelectronics.X-CUBE-SUBG2.5.0.0: no header file found
2025-09-27 14:51:05,096 [WARN] ApiManager:304 - Cannot register API 'Wireless:STM32WB05N' from pack STMicroelectronics.X-CUBE-WB05N.2.0.0: no header file found
2025-09-27 14:51:05,096 [WARN] ApiManager:304 - Cannot register API 'Board Extension:NFC07A1' from pack STMicroelectronics.X-CUBE-NFC7.2.0.0: no header file found
2025-09-27 14:51:05,096 [WARN] ApiManager:304 - Cannot register API 'Board Extension:NFC10A1' from pack STMicroelectronics.X-CUBE-NFC10.1.0.0: no header file found
2025-09-27 14:51:05,096 [WARN] ModelIntegratedComponent:60 - No mode defined for component null
2025-09-27 14:51:05,096 [WARN] ModelIntegratedComponent:60 - No mode defined for component null
2025-09-27 14:51:05,096 [WARN] ModelIntegratedComponent:60 - No mode defined for component null
2025-09-27 14:51:05,096 [WARN] ModelIntegratedComponent:60 - No mode defined for component null
2025-09-27 14:51:05,096 [WARN] ModelIntegratedComponent:60 - No mode defined for component null
2025-09-27 14:51:05,096 [WARN] ModelIntegratedComponent:60 - No mode defined for component null
2025-09-27 14:51:05,096 [WARN] ModelIntegratedComponent:60 - No mode defined for component null
2025-09-27 14:51:05,096 [WARN] ModelIntegratedComponent:60 - No mode defined for component null
2025-09-27 14:51:05,112 [WARN] ModelIntegratedComponent:60 - No mode defined for component null
2025-09-27 14:51:05,112 [WARN] ModelIntegratedComponent:60 - No mode defined for component null
2025-09-27 14:51:05,112 [WARN] ModelIntegratedComponent:60 - No mode defined for component null
2025-09-27 14:51:05,112 [WARN] ModelIntegratedComponent:60 - No mode defined for component null
2025-09-27 14:51:05,112 [WARN] ModelIntegratedComponent:60 - No mode defined for component null
2025-09-27 14:51:05,112 [WARN] ModelIntegratedComponent:60 - No mode defined for component null
2025-09-27 14:51:05,112 [WARN] ModelIntegratedComponent:60 - No mode defined for component null
2025-09-27 14:51:05,112 [WARN] ModelIntegratedComponent:60 - No mode defined for component null
2025-09-27 14:51:05,112 [WARN] ModelIntegratedComponent:60 - No mode defined for component null
2025-09-27 14:51:05,112 [WARN] ModelIntegratedComponent:60 - No mode defined for component null
2025-09-27 14:51:05,112 [WARN] ModelIntegratedComponent:60 - No mode defined for component null
2025-09-27 14:51:05,112 [WARN] ModelIntegratedComponent:60 - No mode defined for component null
2025-09-27 14:51:05,112 [WARN] ModelIntegratedComponent:60 - No mode defined for component null
2025-09-27 14:51:05,112 [WARN] ModelIntegratedComponent:60 - No mode defined for component null
2025-09-27 14:51:05,112 [WARN] ModelIntegratedComponent:60 - No mode defined for component null
2025-09-27 14:51:05,112 [WARN] ModelIntegratedComponent:60 - No mode defined for component null
2025-09-27 14:51:05,112 [WARN] ModelIntegratedComponent:60 - No mode defined for component null
2025-09-27 14:51:05,112 [WARN] ModelIntegratedComponent:60 - No mode defined for component null
2025-09-27 14:51:05,112 [WARN] ModelIntegratedComponent:60 - No mode defined for component null
2025-09-27 14:51:05,112 [WARN] ModelIntegratedComponent:60 - No mode defined for component null
2025-09-27 14:51:05,114 [WARN] ModelIntegratedComponent:60 - No mode defined for component null
2025-09-27 14:51:05,114 [WARN] ModelIntegratedComponent:60 - No mode defined for component null
2025-09-27 14:51:05,114 [WARN] ModelIntegratedComponent:60 - No mode defined for component null
2025-09-27 14:51:05,114 [WARN] ApiManager:304 - Cannot register API 'Board Extension:SAFEA1' from pack STMicroelectronics.X-CUBE-STSE01.1.0.0: no header file found
2025-09-27 14:51:05,114 [WARN] ApiManager:304 - Cannot register API 'Board Extension:ESE01A1' from pack STMicroelectronics.X-CUBE-STSE01.1.0.0: no header file found
2025-09-27 14:51:05,114 [WARN] ApiManager:304 - Cannot register API 'Board Part:STSAFEA110' from pack STMicroelectronics.X-CUBE-STSE01.1.0.0: no header file found
2025-09-27 14:51:05,114 [WARN] ApiManager:304 - Cannot register API 'Board Part:STSAFEA120' from pack STMicroelectronics.X-CUBE-STSE01.1.0.0: no header file found
2025-09-27 14:51:05,114 [WARN] ApiManager:304 - Cannot register API 'Security:STM32_Cryptographic' from pack STMicroelectronics.X-CUBE-STSE01.1.0.0: no header file found
2025-09-27 14:51:05,114 [WARN] ApiManager:304 - Cannot register API 'Security:STSELib' from pack STMicroelectronics.X-CUBE-STSE01.1.0.0: no header file found
2025-09-27 14:51:05,405 [WARN] ApiManager:304 - Cannot register API 'Board Extension:IKS01A3' from pack STMicroelectronics.X-CUBE-MEMS1.11.3.0: no header file found
2025-09-27 14:51:05,406 [WARN] ApiManager:304 - Cannot register API 'Board Extension:IKS02A1' from pack STMicroelectronics.X-CUBE-MEMS1.11.3.0: no header file found
2025-09-27 14:51:05,406 [WARN] ApiManager:304 - Cannot register API 'Board Extension:IKS4A1' from pack STMicroelectronics.X-CUBE-MEMS1.11.3.0: no header file found
2025-09-27 14:51:05,414 [WARN] ApiManager:304 - Cannot register API 'Board Extension:S2868A1' from pack STMicroelectronics.X-CUBE-SFXS2LP1.4.0.0: no header file found
2025-09-27 14:51:05,414 [WARN] ApiManager:304 - Cannot register API 'Board Extension:S2868A2' from pack STMicroelectronics.X-CUBE-SFXS2LP1.4.0.0: no header file found
2025-09-27 14:51:05,414 [WARN] ApiManager:304 - Cannot register API 'Board Extension:S2915A1' from pack STMicroelectronics.X-CUBE-SFXS2LP1.4.0.0: no header file found
2025-09-27 14:51:05,414 [WARN] ApiManager:304 - Cannot register API 'Wireless:BlueNRG-2' from pack STMicroelectronics.X-CUBE-BLE2.3.3.0: no header file found
2025-09-27 14:51:07,789 [INFO] UtilMem:74 - End LoadConfig() Used Memory: 956772976 Bytes (1073741824)
2025-09-27 14:51:07,792 [WARN] ThirdParty:779 - waiting for thirdparty lock release [change project]
2025-09-27 14:51:07,792 [INFO] ThirdParty:781 - entering critical section [change project]
2025-09-27 14:51:07,792 [INFO] ThirdParty:967 - CMSIS Pack Vendor :STMicroelectronics X-CUBE-PM33A1 1.0.0
2025-09-27 14:51:07,792 [INFO] ThirdParty:967 - CMSIS Pack Vendor :STMicroelectronics X-CUBE-NFC9 1.0.0
2025-09-27 14:51:07,792 [INFO] ThirdParty:967 - CMSIS Pack Vendor :STMicroelectronics USB_HOST 2.0.0
2025-09-27 14:51:07,792 [INFO] ThirdParty:967 - CMSIS Pack Vendor :STMicroelectronics X-CUBE-AZRTOS-F4 1.1.0
2025-09-27 14:51:07,792 [INFO] ThirdParty:967 - CMSIS Pack Vendor :STMicroelectronics FP-ATR-ASTRA1 2.0.2
2025-09-27 14:51:07,792 [INFO] ThirdParty:967 - CMSIS Pack Vendor :wolfSSL I-CUBE-wolfSSL 5.8.2
2025-09-27 14:51:07,792 [INFO] ThirdParty:967 - CMSIS Pack Vendor :STMicroelectronics X-CUBE-BLE1 7.1.0
2025-09-27 14:51:07,792 [INFO] ThirdParty:967 - CMSIS Pack Vendor :wolfSSL I-CUBE-wolfMQTT 1.19.2
2025-09-27 14:51:07,792 [INFO] ThirdParty:967 - CMSIS Pack Vendor :STMicroelectronics USB_DEVICE 3.0.0
2025-09-27 14:51:07,792 [INFO] ThirdParty:967 - CMSIS Pack Vendor :STMicroelectronics X-CUBE-ISPU 2.1.0
2025-09-27 14:51:07,793 [INFO] ThirdParty:967 - CMSIS Pack Vendor :STMicroelectronics X-CUBE-EEPRMA1 5.2.0
2025-09-27 14:51:07,793 [INFO] ThirdParty:967 - CMSIS Pack Vendor :STMicroelectronics X-CUBE-AZRTOS-WB 2.0.0
2025-09-27 14:51:07,793 [INFO] ThirdParty:967 - CMSIS Pack Vendor :STMicroelectronics X-CUBE-GNSS1 7.0.1
2025-09-27 14:51:07,793 [INFO] ThirdParty:967 - CMSIS Pack Vendor :STMicroelectronics X-CUBE-NFC12 1.0.0
2025-09-27 14:51:07,793 [INFO] ThirdParty:967 - CMSIS Pack Vendor :STMicroelectronics X-CUBE-AZRTOS-F7 1.1.0
2025-09-27 14:51:07,793 [INFO] ThirdParty:967 - CMSIS Pack Vendor :STMicroelectronics X-CUBE-AZRTOS-L5 2.0.0
2025-09-27 14:51:07,793 [INFO] ThirdParty:967 - CMSIS Pack Vendor :STMicroelectronics X-CUBE-TOUCHGFX 4.25.0
2025-09-27 14:51:07,793 [INFO] ThirdParty:967 - CMSIS Pack Vendor :STMicroelectronics USB_DEVICE 2.0.0
2025-09-27 14:51:07,793 [INFO] ThirdParty:967 - CMSIS Pack Vendor :STMicroelectronics X-CUBE-NFC6 3.1.0
2025-09-27 14:51:07,793 [INFO] ThirdParty:967 - CMSIS Pack Vendor :STMicroelectronics FreeRTOS 0.0.1
2025-09-27 14:51:07,793 [INFO] ThirdParty:967 - CMSIS Pack Vendor :STMicroelectronics X-CUBE-AZRTOS-G0 1.1.0
2025-09-27 14:51:07,793 [INFO] ThirdParty:967 - CMSIS Pack Vendor :STMicroelectronics X-CUBE-SAFEA1 1.2.2
2025-09-27 14:51:07,793 [INFO] ThirdParty:967 - CMSIS Pack Vendor :STMicroelectronics X-CUBE-NFC4 3.0.0
2025-09-27 14:51:07,793 [INFO] ThirdParty:967 - CMSIS Pack Vendor :STMicroelectronics X-CUBE-SUBG2 5.0.0
2025-09-27 14:51:07,794 [INFO] ThirdParty:967 - CMSIS Pack Vendor :STMicroelectronics X-CUBE-AZRTOS-H7RS 1.1.0
2025-09-27 14:51:07,794 [INFO] ThirdParty:967 - CMSIS Pack Vendor :STMicroelectronics lwIP 2.0.3
2025-09-27 14:51:07,794 [INFO] ThirdParty:967 - CMSIS Pack Vendor :STMicroelectronics USB_HOST 1.0.0
2025-09-27 14:51:07,794 [INFO] ThirdParty:967 - CMSIS Pack Vendor :STMicroelectronics X-CUBE-AZRTOS-G4 2.0.0
2025-09-27 14:51:07,794 [INFO] ThirdParty:967 - CMSIS Pack Vendor :STMicroelectronics X-CUBE-WB05N 2.0.0
2025-09-27 14:51:07,794 [INFO] ThirdParty:967 - CMSIS Pack Vendor :STMicroelectronics PDM2PCM 3.1.0
2025-09-27 14:51:07,794 [INFO] ThirdParty:967 - CMSIS Pack Vendor :STMicroelectronics PDM2PCM 3.3.0
2025-09-27 14:51:07,794 [INFO] ThirdParty:967 - CMSIS Pack Vendor :wolfSSL I-CUBE-wolfTPM 3.8.0
2025-09-27 14:51:07,794 [INFO] ThirdParty:967 - CMSIS Pack Vendor :STMicroelectronics X-CUBE-AZRTOS-H7 3.4.0
2025-09-27 14:51:07,794 [INFO] ThirdParty:967 - CMSIS Pack Vendor :wolfSSL I-CUBE-wolfSSH 1.4.20
2025-09-27 14:51:07,794 [INFO] ThirdParty:967 - CMSIS Pack Vendor :STMicroelectronics X-CUBE-NFC7 2.0.0
2025-09-27 14:51:07,795 [INFO] ThirdParty:967 - CMSIS Pack Vendor :STMicroelectronics FP-ATR-SIGFOX1 3.2.0
2025-09-27 14:51:07,795 [INFO] ThirdParty:967 - CMSIS Pack Vendor :STMicroelectronics X-CUBE-NFC10 1.0.0
2025-09-27 14:51:07,795 [INFO] ThirdParty:967 - CMSIS Pack Vendor :STMicroelectronics HAL Drivers 0.0.0
2025-09-27 14:51:07,795 [INFO] ThirdParty:967 - CMSIS Pack Vendor :STMicroelectronics MBEDTLS 2.16.2
2025-09-27 14:51:07,795 [INFO] ThirdParty:967 - CMSIS Pack Vendor :STMicroelectronics MBEDTLS 2.14.1
2025-09-27 14:51:07,795 [INFO] ThirdParty:967 - CMSIS Pack Vendor :STMicroelectronics X-CUBE-STSE01 1.0.0
2025-09-27 14:51:07,795 [INFO] ThirdParty:967 - CMSIS Pack Vendor :STMicroelectronics X-CUBE-AI 10.2.0
2025-09-27 14:51:07,795 [INFO] ThirdParty:967 - CMSIS Pack Vendor :STMicroelectronics X-CUBE-AZRTOS-WL 2.0.0
2025-09-27 14:51:07,795 [INFO] ThirdParty:967 - CMSIS Pack Vendor :SEGGER I-CUBE-embOS 1.3.1
2025-09-27 14:51:07,795 [INFO] ThirdParty:967 - CMSIS Pack Vendor :STMicroelectronics X-CUBE-ALGOBUILD 1.4.0
2025-09-27 14:51:07,795 [INFO] ThirdParty:967 - CMSIS Pack Vendor :STMicroelectronics X-CUBE-MEMS1 11.3.0
2025-09-27 14:51:07,795 [INFO] ThirdParty:967 - CMSIS Pack Vendor :STMicroelectronics USB_DEVICE 1.0.0
2025-09-27 14:51:07,795 [INFO] ThirdParty:967 - CMSIS Pack Vendor :STMicroelectronics X-CUBE-AZRTOS-L4 2.0.0
2025-09-27 14:51:07,795 [INFO] ThirdParty:967 - CMSIS Pack Vendor :STMicroelectronics ThreadX 0.0.2
2025-09-27 14:51:07,795 [INFO] ThirdParty:967 - CMSIS Pack Vendor :STMicroelectronics lwIP 2.1.2
2025-09-27 14:51:07,795 [INFO] ThirdParty:967 - CMSIS Pack Vendor :STMicroelectronics X-CUBE-SFXS2LP1 4.0.0
2025-09-27 14:51:07,795 [INFO] ThirdParty:967 - CMSIS Pack Vendor :STMicroelectronics X-CUBE-BLE2 3.3.0
2025-09-27 14:51:07,795 [INFO] ThirdParty:967 - CMSIS Pack Vendor :STMicroelectronics PDM2PCM 3.2.0
2025-09-27 14:51:07,795 [INFO] ThirdParty:787 - exiting critical section [change project]
2025-09-27 14:51:07,895 [INFO] PinOutPanel:1463 - setPackage(No Configuration,No Configuration)
2025-09-27 14:51:07,902 [INFO] PinOutPanel:1463 - setPackage(STM32F103C6Ux,UFQFPN48)
2025-09-27 14:51:08,132 [INFO] UtilMem:74 - Before build in PCC Used Memory: 947384912 Bytes (1073741824)
2025-09-27 14:51:08,418 [INFO] UtilMem:74 - After build in PCC Used Memory: 970333544 Bytes (1073741824)
2025-09-27 14:51:08,442 [INFO] IPUIPlugin:74 - create IPUIPlugin
2025-09-27 14:51:08,442 [INFO] IPUIPlugin:74 - create IPUIPlugin
2025-09-27 14:51:08,442 [INFO] IPUIPlugin:74 - create IPUIPlugin
2025-09-27 14:51:08,442 [INFO] IPUIPlugin:74 - create IPUIPlugin
2025-09-27 14:51:08,442 [INFO] IPUIPlugin:74 - create IPUIPlugin
2025-09-27 14:51:08,442 [INFO] IPUIPlugin:74 - create IPUIPlugin
2025-09-27 14:51:08,442 [INFO] IPUIPlugin:74 - create IPUIPlugin
2025-09-27 14:51:08,444 [INFO] IPUIPlugin:74 - create IPUIPlugin
2025-09-27 14:51:08,444 [INFO] IPUIPlugin:74 - create IPUIPlugin
2025-09-27 14:51:08,444 [INFO] IPUIPlugin:74 - create IPUIPlugin
2025-09-27 14:51:08,444 [INFO] IPUIPlugin:74 - create IPUIPlugin
2025-09-27 14:51:08,444 [INFO] IPUIPlugin:74 - create IPUIPlugin
2025-09-27 14:51:08,444 [INFO] IPUIPlugin:74 - create IPUIPlugin
2025-09-27 14:51:08,446 [INFO] IPUIPlugin:74 - create IPUIPlugin
2025-09-27 14:51:08,446 [INFO] IPUIPlugin:74 - create IPUIPlugin
2025-09-27 14:51:08,446 [INFO] IPUIPlugin:74 - create IPUIPlugin
2025-09-27 14:51:08,446 [INFO] IPUIPlugin:74 - create IPUIPlugin
2025-09-27 14:51:08,446 [INFO] IPUIPlugin:74 - create IPUIPlugin
2025-09-27 14:51:08,446 [INFO] IPUIPlugin:74 - create IPUIPlugin
2025-09-27 14:51:08,448 [INFO] IPUIPlugin:74 - create IPUIPlugin
2025-09-27 14:51:08,448 [INFO] IPUIPlugin:74 - create IPUIPlugin
2025-09-27 14:51:08,448 [INFO] IPUIPlugin:74 - create IPUIPlugin
2025-09-27 14:51:08,448 [INFO] IPUIPlugin:74 - create IPUIPlugin
2025-09-27 14:51:08,465 [INFO] OpenFileManager:333 - Restore cursor
